"device","dataset","camera_path","camera_step","viewport","ao-NA-1-NA","img ao-NA-1-NA","ao-NA-5-NA","img ao-NA-5-NA","pathtracer-NA-NA-10","img pathtracer-NA-NA-10","pathtracer-NA-NA-5","img pathtracer-NA-NA-5","scivis-false-1-NA","img scivis-false-1-NA","scivis-false-5-NA","img scivis-false-5-NA","scivis-true-1-NA","img scivis-true-1-NA","scivis-true-5-NA","img scivis-true-5-NA"
"AMD Ryzen 7 1800X","vdb-volume","orbit-y","0","1024","23.0092","vdb-volume_ao_orbit-y_0_1024_NA_1_NA.png","20.6197","vdb-volume_ao_orbit-y_0_1024_NA_5_NA.png","2.2932","vdb-volume_pathtracer_orbit-y_0_1024_NA_NA_10.png","2.5968","vdb-volume_pathtracer_orbit-y_0_1024_NA_NA_5.png","23.5419","vdb-volume_scivis_orbit-y_0_1024_false_1_NA.png","23.4912","vdb-volume_scivis_orbit-y_0_1024_false_5_NA.png","18.1686","vdb-volume_scivis_orbit-y_0_1024_true_1_NA.png","18.1613","vdb-volume_scivis_orbit-y_0_1024_true_5_NA.png"
"AMD Ryzen 9 3900X","vdb-volume","orbit-y","0","1024","51.5400","vdb-volume_ao_orbit-y_0_1024_NA_1_NA.png","47.4868","vdb-volume_ao_orbit-y_0_1024_NA_5_NA.png","4.7812","vdb-volume_pathtracer_orbit-y_0_1024_NA_NA_10.png","5.4327","vdb-volume_pathtracer_orbit-y_0_1024_NA_NA_5.png","52.0923","vdb-volume_scivis_orbit-y_0_1024_false_1_NA.png","52.2958","vdb-volume_scivis_orbit-y_0_1024_false_5_NA.png","39.3258","vdb-volume_scivis_orbit-y_0_1024_true_1_NA.png","39.2272","vdb-volume_scivis_orbit-y_0_1024_true_5_NA.png"
"Intel Core i5-7500","vdb-volume","orbit-y","0","1024","16.0230","vdb-volume_ao_orbit-y_0_1024_NA_1_NA.png","14.5243","vdb-volume_ao_orbit-y_0_1024_NA_5_NA.png","1.4753","vdb-volume_pathtracer_orbit-y_0_1024_NA_NA_10.png","1.6612","vdb-volume_pathtracer_orbit-y_0_1024_NA_NA_5.png","16.4967","vdb-volume_scivis_orbit-y_0_1024_false_1_NA.png","16.3341","vdb-volume_scivis_orbit-y_0_1024_false_5_NA.png","12.1958","vdb-volume_scivis_orbit-y_0_1024_true_1_NA.png","12.1840","vdb-volume_scivis_orbit-y_0_1024_true_5_NA.png"
"Intel Core i7-8565U","vdb-volume","orbit-y","0","1024","15.8616","vdb-volume_ao_orbit-y_0_1024_NA_1_NA.png","13.1043","vdb-volume_ao_orbit-y_0_1024_NA_5_NA.png","1.5577","vdb-volume_pathtracer_orbit-y_0_1024_NA_NA_10.png","1.6951","vdb-volume_pathtracer_orbit-y_0_1024_NA_NA_5.png","15.4464","vdb-volume_scivis_orbit-y_0_1024_false_1_NA.png","15.4481","vdb-volume_scivis_orbit-y_0_1024_false_5_NA.png","12.1983","vdb-volume_scivis_orbit-y_0_1024_true_1_NA.png","8.6735","vdb-volume_scivis_orbit-y_0_1024_true_5_NA.png"
"Intel Xeon E5-2630 v4","vdb-volume","orbit-y","0","1024","45.8699","vdb-volume_ao_orbit-y_0_1024_NA_1_NA.png","42.1143","vdb-volume_ao_orbit-y_0_1024_NA_5_NA.png","4.3196","vdb-volume_pathtracer_orbit-y_0_1024_NA_NA_10.png","4.9043","vdb-volume_pathtracer_orbit-y_0_1024_NA_NA_5.png","46.9662","vdb-volume_scivis_orbit-y_0_1024_false_1_NA.png","47.0697","vdb-volume_scivis_orbit-y_0_1024_false_5_NA.png","35.5427","vdb-volume_scivis_orbit-y_0_1024_true_1_NA.png","35.7082","vdb-volume_scivis_orbit-y_0_1024_true_5_NA.png"
"AMD Ryzen 7 1800X","vdb-volume","orbit-y","0","2048","5.8306","vdb-volume_ao_orbit-y_0_2048_NA_1_NA.png","5.2228","vdb-volume_ao_orbit-y_0_2048_NA_5_NA.png","0.5764","vdb-volume_pathtracer_orbit-y_0_2048_NA_NA_10.png","0.6543","vdb-volume_pathtracer_orbit-y_0_2048_NA_NA_5.png","5.9956","vdb-volume_scivis_orbit-y_0_2048_false_1_NA.png","5.9631","vdb-volume_scivis_orbit-y_0_2048_false_5_NA.png","4.6043","vdb-volume_scivis_orbit-y_0_2048_true_1_NA.png","4.6248","vdb-volume_scivis_orbit-y_0_2048_true_5_NA.png"
"AMD Ryzen 9 3900X","vdb-volume","orbit-y","0","2048","13.1293","vdb-volume_ao_orbit-y_0_2048_NA_1_NA.png","12.1186","vdb-volume_ao_orbit-y_0_2048_NA_5_NA.png","1.2009","vdb-volume_pathtracer_orbit-y_0_2048_NA_NA_10.png","1.3653","vdb-volume_pathtracer_orbit-y_0_2048_NA_NA_5.png","13.3351","vdb-volume_scivis_orbit-y_0_2048_false_1_NA.png","13.3132","vdb-volume_scivis_orbit-y_0_2048_false_5_NA.png","10.0161","vdb-volume_scivis_orbit-y_0_2048_true_1_NA.png","10.0522","vdb-volume_scivis_orbit-y_0_2048_true_5_NA.png"
"Intel Core i5-7500","vdb-volume","orbit-y","0","2048","3.9987","vdb-volume_ao_orbit-y_0_2048_NA_1_NA.png","3.6804","vdb-volume_ao_orbit-y_0_2048_NA_5_NA.png","0.3713","vdb-volume_pathtracer_orbit-y_0_2048_NA_NA_10.png","0.4208","vdb-volume_pathtracer_orbit-y_0_2048_NA_NA_5.png","4.1492","vdb-volume_scivis_orbit-y_0_2048_false_1_NA.png","4.1793","vdb-volume_scivis_orbit-y_0_2048_false_5_NA.png","3.0590","vdb-volume_scivis_orbit-y_0_2048_true_1_NA.png","3.1123","vdb-volume_scivis_orbit-y_0_2048_true_5_NA.png"
"Intel Core i7-8565U","vdb-volume","orbit-y","0","2048","3.8386","vdb-volume_ao_orbit-y_0_2048_NA_1_NA.png","3.5996","vdb-volume_ao_orbit-y_0_2048_NA_5_NA.png","0.3651","vdb-volume_pathtracer_orbit-y_0_2048_NA_NA_10.png","0.4207","vdb-volume_pathtracer_orbit-y_0_2048_NA_NA_5.png","3.6781","vdb-volume_scivis_orbit-y_0_2048_false_1_NA.png","3.9259","vdb-volume_scivis_orbit-y_0_2048_false_5_NA.png","2.9814","vdb-volume_scivis_orbit-y_0_2048_true_1_NA.png","2.9504","vdb-volume_scivis_orbit-y_0_2048_true_5_NA.png"
"Intel Xeon E5-2630 v4","vdb-volume","orbit-y","0","2048","11.7673","vdb-volume_ao_orbit-y_0_2048_NA_1_NA.png","10.7091","vdb-volume_ao_orbit-y_0_2048_NA_5_NA.png","1.0855","vdb-volume_pathtracer_orbit-y_0_2048_NA_NA_10.png","1.2295","vdb-volume_pathtracer_orbit-y_0_2048_NA_NA_5.png","11.9650","vdb-volume_scivis_orbit-y_0_2048_false_1_NA.png","11.9941","vdb-volume_scivis_orbit-y_0_2048_false_5_NA.png","9.1181","vdb-volume_scivis_orbit-y_0_2048_true_1_NA.png","9.1082","vdb-volume_scivis_orbit-y_0_2048_true_5_NA.png"
"AMD Ryzen 7 1800X","vdb-volume","orbit-y","0","512","87.9693","vdb-volume_ao_orbit-y_0_512_NA_1_NA.png","79.4388","vdb-volume_ao_orbit-y_0_512_NA_5_NA.png","8.9879","vdb-volume_pathtracer_orbit-y_0_512_NA_NA_10.png","10.2228","vdb-volume_pathtracer_orbit-y_0_512_NA_NA_5.png","90.3530","vdb-volume_scivis_orbit-y_0_512_false_1_NA.png","90.0536","vdb-volume_scivis_orbit-y_0_512_false_5_NA.png","69.8719","vdb-volume_scivis_orbit-y_0_512_true_1_NA.png","69.9364","vdb-volume_scivis_orbit-y_0_512_true_5_NA.png"
"AMD Ryzen 9 3900X","vdb-volume","orbit-y","0","512","194.1284","vdb-volume_ao_orbit-y_0_512_NA_1_NA.png","179.6819","vdb-volume_ao_orbit-y_0_512_NA_5_NA.png","18.6146","vdb-volume_pathtracer_orbit-y_0_512_NA_NA_10.png","21.2869","vdb-volume_pathtracer_orbit-y_0_512_NA_NA_5.png","196.1977","vdb-volume_scivis_orbit-y_0_512_false_1_NA.png","191.1227","vdb-volume_scivis_orbit-y_0_512_false_5_NA.png","149.3462","vdb-volume_scivis_orbit-y_0_512_true_1_NA.png","149.0862","vdb-volume_scivis_orbit-y_0_512_true_5_NA.png"
"Intel Core i5-7500","vdb-volume","orbit-y","0","512","26.1322","vdb-volume_ao_orbit-y_0_512_NA_1_NA.png","54.9595","vdb-volume_ao_orbit-y_0_512_NA_5_NA.png","5.8605","vdb-volume_pathtracer_orbit-y_0_512_NA_NA_10.png","6.6805","vdb-volume_pathtracer_orbit-y_0_512_NA_NA_5.png","62.3601","vdb-volume_scivis_orbit-y_0_512_false_1_NA.png","63.6181","vdb-volume_scivis_orbit-y_0_512_false_5_NA.png","46.8514","vdb-volume_scivis_orbit-y_0_512_true_1_NA.png","46.6403","vdb-volume_scivis_orbit-y_0_512_true_5_NA.png"
"Intel Core i7-8565U","vdb-volume","orbit-y","0","512","51.0030","vdb-volume_ao_orbit-y_0_512_NA_1_NA.png","54.6831","vdb-volume_ao_orbit-y_0_512_NA_5_NA.png","5.9613","vdb-volume_pathtracer_orbit-y_0_512_NA_NA_10.png","6.1363","vdb-volume_pathtracer_orbit-y_0_512_NA_NA_5.png","61.3836","vdb-volume_scivis_orbit-y_0_512_false_1_NA.png","54.9834","vdb-volume_scivis_orbit-y_0_512_false_5_NA.png","46.5493","vdb-volume_scivis_orbit-y_0_512_true_1_NA.png","47.0331","vdb-volume_scivis_orbit-y_0_512_true_5_NA.png"
"Intel Xeon E5-2630 v4","vdb-volume","orbit-y","0","512","171.9738","vdb-volume_ao_orbit-y_0_512_NA_1_NA.png","157.9425","vdb-volume_ao_orbit-y_0_512_NA_5_NA.png","16.8774","vdb-volume_pathtracer_orbit-y_0_512_NA_NA_10.png","19.1305","vdb-volume_pathtracer_orbit-y_0_512_NA_NA_5.png","174.9261","vdb-volume_scivis_orbit-y_0_512_false_1_NA.png","176.6195","vdb-volume_scivis_orbit-y_0_512_false_5_NA.png","135.1724","vdb-volume_scivis_orbit-y_0_512_true_1_NA.png","135.0490","vdb-volume_scivis_orbit-y_0_512_true_5_NA.png"
"AMD Ryzen 7 1800X","vdb-volume","orbit-y","1","1024","22.1739","vdb-volume_ao_orbit-y_1_1024_NA_1_NA.png","19.8866","vdb-volume_ao_orbit-y_1_1024_NA_5_NA.png","2.3056","vdb-volume_pathtracer_orbit-y_1_1024_NA_NA_10.png","2.6098","vdb-volume_pathtracer_orbit-y_1_1024_NA_NA_5.png","22.6902","vdb-volume_scivis_orbit-y_1_1024_false_1_NA.png","22.7469","vdb-volume_scivis_orbit-y_1_1024_false_5_NA.png","17.4976","vdb-volume_scivis_orbit-y_1_1024_true_1_NA.png","17.4992","vdb-volume_scivis_orbit-y_1_1024_true_5_NA.png"
"AMD Ryzen 9 3900X","vdb-volume","orbit-y","1","1024","49.4878","vdb-volume_ao_orbit-y_1_1024_NA_1_NA.png","45.8457","vdb-volume_ao_orbit-y_1_1024_NA_5_NA.png","4.8168","vdb-volume_pathtracer_orbit-y_1_1024_NA_NA_10.png","5.4030","vdb-volume_pathtracer_orbit-y_1_1024_NA_NA_5.png","50.1341","vdb-volume_scivis_orbit-y_1_1024_false_1_NA.png","50.1643","vdb-volume_scivis_orbit-y_1_1024_false_5_NA.png","37.7507","vdb-volume_scivis_orbit-y_1_1024_true_1_NA.png","37.8271","vdb-volume_scivis_orbit-y_1_1024_true_5_NA.png"
"Intel Core i5-7500","vdb-volume","orbit-y","1","1024","15.1933","vdb-volume_ao_orbit-y_1_1024_NA_1_NA.png","13.7998","vdb-volume_ao_orbit-y_1_1024_NA_5_NA.png","1.4943","vdb-volume_pathtracer_orbit-y_1_1024_NA_NA_10.png","1.5614","vdb-volume_pathtracer_orbit-y_1_1024_NA_NA_5.png","15.7131","vdb-volume_scivis_orbit-y_1_1024_false_1_NA.png","15.5715","vdb-volume_scivis_orbit-y_1_1024_false_5_NA.png","11.4769","vdb-volume_scivis_orbit-y_1_1024_true_1_NA.png","11.6709","vdb-volume_scivis_orbit-y_1_1024_true_5_NA.png"
"Intel Core i7-8565U","vdb-volume","orbit-y","1","1024","14.5000","vdb-volume_ao_orbit-y_1_1024_NA_1_NA.png","12.9667","vdb-volume_ao_orbit-y_1_1024_NA_5_NA.png","1.2781","vdb-volume_pathtracer_orbit-y_1_1024_NA_NA_10.png","1.5007","vdb-volume_pathtracer_orbit-y_1_1024_NA_NA_5.png","13.6598","vdb-volume_scivis_orbit-y_1_1024_false_1_NA.png","14.9556","vdb-volume_scivis_orbit-y_1_1024_false_5_NA.png","11.2538","vdb-volume_scivis_orbit-y_1_1024_true_1_NA.png","11.2977","vdb-volume_scivis_orbit-y_1_1024_true_5_NA.png"
"Intel Xeon E5-2630 v4","vdb-volume","orbit-y","1","1024","44.5504","vdb-volume_ao_orbit-y_1_1024_NA_1_NA.png","40.8620","vdb-volume_ao_orbit-y_1_1024_NA_5_NA.png","4.3604","vdb-volume_pathtracer_orbit-y_1_1024_NA_NA_10.png","4.8959","vdb-volume_pathtracer_orbit-y_1_1024_NA_NA_5.png","45.5959","vdb-volume_scivis_orbit-y_1_1024_false_1_NA.png","45.4938","vdb-volume_scivis_orbit-y_1_1024_false_5_NA.png","34.3285","vdb-volume_scivis_orbit-y_1_1024_true_1_NA.png","34.4527","vdb-volume_scivis_orbit-y_1_1024_true_5_NA.png"
"AMD Ryzen 7 1800X","vdb-volume","orbit-y","1","2048","5.6450","vdb-volume_ao_orbit-y_1_2048_NA_1_NA.png","5.0864","vdb-volume_ao_orbit-y_1_2048_NA_5_NA.png","0.5822","vdb-volume_pathtracer_orbit-y_1_2048_NA_NA_10.png","0.6575","vdb-volume_pathtracer_orbit-y_1_2048_NA_NA_5.png","5.7932","vdb-volume_scivis_orbit-y_1_2048_false_1_NA.png","5.7786","vdb-volume_scivis_orbit-y_1_2048_false_5_NA.png","4.4564","vdb-volume_scivis_orbit-y_1_2048_true_1_NA.png","4.4564","vdb-volume_scivis_orbit-y_1_2048_true_5_NA.png"
"AMD Ryzen 9 3900X","vdb-volume","orbit-y","1","2048","12.6233","vdb-volume_ao_orbit-y_1_2048_NA_1_NA.png","11.6842","vdb-volume_ao_orbit-y_1_2048_NA_5_NA.png","1.2121","vdb-volume_pathtracer_orbit-y_1_2048_NA_NA_10.png","1.3794","vdb-volume_pathtracer_orbit-y_1_2048_NA_NA_5.png","12.8197","vdb-volume_scivis_orbit-y_1_2048_false_1_NA.png","12.8628","vdb-volume_scivis_orbit-y_1_2048_false_5_NA.png","9.6336","vdb-volume_scivis_orbit-y_1_2048_true_1_NA.png","9.6087","vdb-volume_scivis_orbit-y_1_2048_true_5_NA.png"
"Intel Core i5-7500","vdb-volume","orbit-y","1","2048","3.8618","vdb-volume_ao_orbit-y_1_2048_NA_1_NA.png","3.4758","vdb-volume_ao_orbit-y_1_2048_NA_5_NA.png","0.3638","vdb-volume_pathtracer_orbit-y_1_2048_NA_NA_10.png","0.4247","vdb-volume_pathtracer_orbit-y_1_2048_NA_NA_5.png","3.9193","vdb-volume_scivis_orbit-y_1_2048_false_1_NA.png","3.9231","vdb-volume_scivis_orbit-y_1_2048_false_5_NA.png","2.9484","vdb-volume_scivis_orbit-y_1_2048_true_1_NA.png","2.9576","vdb-volume_scivis_orbit-y_1_2048_true_5_NA.png"
"Intel Core i7-8565U","vdb-volume","orbit-y","1","2048","3.7452","vdb-volume_ao_orbit-y_1_2048_NA_1_NA.png","3.4294","vdb-volume_ao_orbit-y_1_2048_NA_5_NA.png","0.3115","vdb-volume_pathtracer_orbit-y_1_2048_NA_NA_10.png","0.4162","vdb-volume_pathtracer_orbit-y_1_2048_NA_NA_5.png","3.7425","vdb-volume_scivis_orbit-y_1_2048_false_1_NA.png","3.5059","vdb-volume_scivis_orbit-y_1_2048_false_5_NA.png","2.9009","vdb-volume_scivis_orbit-y_1_2048_true_1_NA.png","2.9234","vdb-volume_scivis_orbit-y_1_2048_true_5_NA.png"
"Intel Xeon E5-2630 v4","vdb-volume","orbit-y","1","2048","11.3758","vdb-volume_ao_orbit-y_1_2048_NA_1_NA.png","10.3721","vdb-volume_ao_orbit-y_1_2048_NA_5_NA.png","1.0978","vdb-volume_pathtracer_orbit-y_1_2048_NA_NA_10.png","1.2393","vdb-volume_pathtracer_orbit-y_1_2048_NA_NA_5.png","11.6139","vdb-volume_scivis_orbit-y_1_2048_false_1_NA.png","11.6113","vdb-volume_scivis_orbit-y_1_2048_false_5_NA.png","8.7593","vdb-volume_scivis_orbit-y_1_2048_true_1_NA.png","8.7239","vdb-volume_scivis_orbit-y_1_2048_true_5_NA.png"
"AMD Ryzen 7 1800X","vdb-volume","orbit-y","1","512","85.4095","vdb-volume_ao_orbit-y_1_512_NA_1_NA.png","77.0671","vdb-volume_ao_orbit-y_1_512_NA_5_NA.png","9.0391","vdb-volume_pathtracer_orbit-y_1_512_NA_NA_10.png","10.2582","vdb-volume_pathtracer_orbit-y_1_512_NA_NA_5.png","87.6432","vdb-volume_scivis_orbit-y_1_512_false_1_NA.png","87.6724","vdb-volume_scivis_orbit-y_1_512_false_5_NA.png","67.4914","vdb-volume_scivis_orbit-y_1_512_true_1_NA.png","67.4159","vdb-volume_scivis_orbit-y_1_512_true_5_NA.png"
"AMD Ryzen 9 3900X","vdb-volume","orbit-y","1","512","187.2449","vdb-volume_ao_orbit-y_1_512_NA_1_NA.png","173.1686","vdb-volume_ao_orbit-y_1_512_NA_5_NA.png","18.7694","vdb-volume_pathtracer_orbit-y_1_512_NA_NA_10.png","21.4009","vdb-volume_pathtracer_orbit-y_1_512_NA_NA_5.png","189.6551","vdb-volume_scivis_orbit-y_1_512_false_1_NA.png","188.8567","vdb-volume_scivis_orbit-y_1_512_false_5_NA.png","143.2977","vdb-volume_scivis_orbit-y_1_512_true_1_NA.png","142.9358","vdb-volume_scivis_orbit-y_1_512_true_5_NA.png"
"Intel Core i5-7500","vdb-volume","orbit-y","1","512","58.9053","vdb-volume_ao_orbit-y_1_512_NA_1_NA.png","49.3449","vdb-volume_ao_orbit-y_1_512_NA_5_NA.png","5.7605","vdb-volume_pathtracer_orbit-y_1_512_NA_NA_10.png","6.2425","vdb-volume_pathtracer_orbit-y_1_512_NA_NA_5.png","60.2148","vdb-volume_scivis_orbit-y_1_512_false_1_NA.png","60.7080","vdb-volume_scivis_orbit-y_1_512_false_5_NA.png","42.3564","vdb-volume_scivis_orbit-y_1_512_true_1_NA.png","44.8306","vdb-volume_scivis_orbit-y_1_512_true_5_NA.png"
"Intel Core i7-8565U","vdb-volume","orbit-y","1","512","57.3487","vdb-volume_ao_orbit-y_1_512_NA_1_NA.png","54.3945","vdb-volume_ao_orbit-y_1_512_NA_5_NA.png","5.4376","vdb-volume_pathtracer_orbit-y_1_512_NA_NA_10.png","5.6255","vdb-volume_pathtracer_orbit-y_1_512_NA_NA_5.png","50.2139","vdb-volume_scivis_orbit-y_1_512_false_1_NA.png","51.9052","vdb-volume_scivis_orbit-y_1_512_false_5_NA.png","46.1355","vdb-volume_scivis_orbit-y_1_512_true_1_NA.png","40.8010","vdb-volume_scivis_orbit-y_1_512_true_5_NA.png"
"Intel Xeon E5-2630 v4","vdb-volume","orbit-y","1","512","166.8302","vdb-volume_ao_orbit-y_1_512_NA_1_NA.png","153.2382","vdb-volume_ao_orbit-y_1_512_NA_5_NA.png","16.9263","vdb-volume_pathtracer_orbit-y_1_512_NA_NA_10.png","19.1566","vdb-volume_pathtracer_orbit-y_1_512_NA_NA_5.png","169.9865","vdb-volume_scivis_orbit-y_1_512_false_1_NA.png","170.0654","vdb-volume_scivis_orbit-y_1_512_false_5_NA.png","128.6971","vdb-volume_scivis_orbit-y_1_512_true_1_NA.png","129.3373","vdb-volume_scivis_orbit-y_1_512_true_5_NA.png"
"AMD Ryzen 7 1800X","vdb-volume","orbit-y","2","1024","21.7378","vdb-volume_ao_orbit-y_2_1024_NA_1_NA.png","19.4765","vdb-volume_ao_orbit-y_2_1024_NA_5_NA.png","2.2941","vdb-volume_pathtracer_orbit-y_2_1024_NA_NA_10.png","2.6068","vdb-volume_pathtracer_orbit-y_2_1024_NA_NA_5.png","22.1872","vdb-volume_scivis_orbit-y_2_1024_false_1_NA.png","22.1401","vdb-volume_scivis_orbit-y_2_1024_false_5_NA.png","17.1114","vdb-volume_scivis_orbit-y_2_1024_true_1_NA.png","17.1355","vdb-volume_scivis_orbit-y_2_1024_true_5_NA.png"
"AMD Ryzen 9 3900X","vdb-volume","orbit-y","2","1024","47.8540","vdb-volume_ao_orbit-y_2_1024_NA_1_NA.png","44.5327","vdb-volume_ao_orbit-y_2_1024_NA_5_NA.png","4.7751","vdb-volume_pathtracer_orbit-y_2_1024_NA_NA_10.png","5.4169","vdb-volume_pathtracer_orbit-y_2_1024_NA_NA_5.png","48.7382","vdb-volume_scivis_orbit-y_2_1024_false_1_NA.png","48.7981","vdb-volume_scivis_orbit-y_2_1024_false_5_NA.png","36.6176","vdb-volume_scivis_orbit-y_2_1024_true_1_NA.png","36.6904","vdb-volume_scivis_orbit-y_2_1024_true_5_NA.png"
"Intel Core i5-7500","vdb-volume","orbit-y","2","1024","14.9030","vdb-volume_ao_orbit-y_2_1024_NA_1_NA.png","13.6687","vdb-volume_ao_orbit-y_2_1024_NA_5_NA.png","1.5008","vdb-volume_pathtracer_orbit-y_2_1024_NA_NA_10.png","1.6978","vdb-volume_pathtracer_orbit-y_2_1024_NA_NA_5.png","15.2844","vdb-volume_scivis_orbit-y_2_1024_false_1_NA.png","15.0838","vdb-volume_scivis_orbit-y_2_1024_false_5_NA.png","11.2883","vdb-volume_scivis_orbit-y_2_1024_true_1_NA.png","10.8592","vdb-volume_scivis_orbit-y_2_1024_true_5_NA.png"
"Intel Core i7-8565U","vdb-volume","orbit-y","2","1024","14.9977","vdb-volume_ao_orbit-y_2_1024_NA_1_NA.png","11.5660","vdb-volume_ao_orbit-y_2_1024_NA_5_NA.png","1.5536","vdb-volume_pathtracer_orbit-y_2_1024_NA_NA_10.png","1.6831","vdb-volume_pathtracer_orbit-y_2_1024_NA_NA_5.png","14.4814","vdb-volume_scivis_orbit-y_2_1024_false_1_NA.png","14.8642","vdb-volume_scivis_orbit-y_2_1024_false_5_NA.png","11.5987","vdb-volume_scivis_orbit-y_2_1024_true_1_NA.png","10.8307","vdb-volume_scivis_orbit-y_2_1024_true_5_NA.png"
"Intel Xeon E5-2630 v4","vdb-volume","orbit-y","2","1024","43.4237","vdb-volume_ao_orbit-y_2_1024_NA_1_NA.png","39.5994","vdb-volume_ao_orbit-y_2_1024_NA_5_NA.png","4.3383","vdb-volume_pathtracer_orbit-y_2_1024_NA_NA_10.png","4.9184","vdb-volume_pathtracer_orbit-y_2_1024_NA_NA_5.png","44.1759","vdb-volume_scivis_orbit-y_2_1024_false_1_NA.png","44.2229","vdb-volume_scivis_orbit-y_2_1024_false_5_NA.png","33.3659","vdb-volume_scivis_orbit-y_2_1024_true_1_NA.png","33.2916","vdb-volume_scivis_orbit-y_2_1024_true_5_NA.png"
"AMD Ryzen 7 1800X","vdb-volume","orbit-y","2","2048","5.5202","vdb-volume_ao_orbit-y_2_2048_NA_1_NA.png","4.9642","vdb-volume_ao_orbit-y_2_2048_NA_5_NA.png","0.5792","vdb-volume_pathtracer_orbit-y_2_2048_NA_NA_10.png","0.6551","vdb-volume_pathtracer_orbit-y_2_2048_NA_NA_5.png","5.6363","vdb-volume_scivis_orbit-y_2_2048_false_1_NA.png","5.6581","vdb-volume_scivis_orbit-y_2_2048_false_5_NA.png","4.3505","vdb-volume_scivis_orbit-y_2_2048_true_1_NA.png","4.3523","vdb-volume_scivis_orbit-y_2_2048_true_5_NA.png"
"AMD Ryzen 9 3900X","vdb-volume","orbit-y","2","2048","12.2626","vdb-volume_ao_orbit-y_2_2048_NA_1_NA.png","11.3700","vdb-volume_ao_orbit-y_2_2048_NA_5_NA.png","1.2067","vdb-volume_pathtracer_orbit-y_2_2048_NA_NA_10.png","1.3710","vdb-volume_pathtracer_orbit-y_2_2048_NA_NA_5.png","12.4284","vdb-volume_scivis_orbit-y_2_2048_false_1_NA.png","12.4334","vdb-volume_scivis_orbit-y_2_2048_false_5_NA.png","9.3504","vdb-volume_scivis_orbit-y_2_2048_true_1_NA.png","9.3484","vdb-volume_scivis_orbit-y_2_2048_true_5_NA.png"
"Intel Core i5-7500","vdb-volume","orbit-y","2","2048","3.7583","vdb-volume_ao_orbit-y_2_2048_NA_1_NA.png","3.2790","vdb-volume_ao_orbit-y_2_2048_NA_5_NA.png","0.3651","vdb-volume_pathtracer_orbit-y_2_2048_NA_NA_10.png","0.4167","vdb-volume_pathtracer_orbit-y_2_2048_NA_NA_5.png","3.8099","vdb-volume_scivis_orbit-y_2_2048_false_1_NA.png","3.8065","vdb-volume_scivis_orbit-y_2_2048_false_5_NA.png","2.8204","vdb-volume_scivis_orbit-y_2_2048_true_1_NA.png","2.8308","vdb-volume_scivis_orbit-y_2_2048_true_5_NA.png"
"Intel Core i7-8565U","vdb-volume","orbit-y","2","2048","3.7764","vdb-volume_ao_orbit-y_2_2048_NA_1_NA.png","2.9941","vdb-volume_ao_orbit-y_2_2048_NA_5_NA.png","0.3717","vdb-volume_pathtracer_orbit-y_2_2048_NA_NA_10.png","0.4139","vdb-volume_pathtracer_orbit-y_2_2048_NA_NA_5.png","3.1984","vdb-volume_scivis_orbit-y_2_2048_false_1_NA.png","3.5540","vdb-volume_scivis_orbit-y_2_2048_false_5_NA.png","2.8525","vdb-volume_scivis_orbit-y_2_2048_true_1_NA.png","2.9138","vdb-volume_scivis_orbit-y_2_2048_true_5_NA.png"
"Intel Xeon E5-2630 v4","vdb-volume","orbit-y","2","2048","11.0420","vdb-volume_ao_orbit-y_2_2048_NA_1_NA.png","10.1351","vdb-volume_ao_orbit-y_2_2048_NA_5_NA.png","1.0906","vdb-volume_pathtracer_orbit-y_2_2048_NA_NA_10.png","1.2382","vdb-volume_pathtracer_orbit-y_2_2048_NA_NA_5.png","11.2498","vdb-volume_scivis_orbit-y_2_2048_false_1_NA.png","11.2627","vdb-volume_scivis_orbit-y_2_2048_false_5_NA.png","8.5760","vdb-volume_scivis_orbit-y_2_2048_true_1_NA.png","8.5621","vdb-volume_scivis_orbit-y_2_2048_true_5_NA.png"
"AMD Ryzen 7 1800X","vdb-volume","orbit-y","2","512","83.6414","vdb-volume_ao_orbit-y_2_512_NA_1_NA.png","75.3778","vdb-volume_ao_orbit-y_2_512_NA_5_NA.png","8.9849","vdb-volume_pathtracer_orbit-y_2_512_NA_NA_10.png","10.1883","vdb-volume_pathtracer_orbit-y_2_512_NA_NA_5.png","85.2130","vdb-volume_scivis_orbit-y_2_512_false_1_NA.png","85.3490","vdb-volume_scivis_orbit-y_2_512_false_5_NA.png","65.7246","vdb-volume_scivis_orbit-y_2_512_true_1_NA.png","64.0549","vdb-volume_scivis_orbit-y_2_512_true_5_NA.png"
"AMD Ryzen 9 3900X","vdb-volume","orbit-y","2","512","181.4816","vdb-volume_ao_orbit-y_2_512_NA_1_NA.png","168.9335","vdb-volume_ao_orbit-y_2_512_NA_5_NA.png","18.7097","vdb-volume_pathtracer_orbit-y_2_512_NA_NA_10.png","21.1967","vdb-volume_pathtracer_orbit-y_2_512_NA_NA_5.png","183.8293","vdb-volume_scivis_orbit-y_2_512_false_1_NA.png","183.7654","vdb-volume_scivis_orbit-y_2_512_false_5_NA.png","139.5079","vdb-volume_scivis_orbit-y_2_512_true_1_NA.png","139.4379","vdb-volume_scivis_orbit-y_2_512_true_5_NA.png"
"Intel Core i5-7500","vdb-volume","orbit-y","2","512","57.8118","vdb-volume_ao_orbit-y_2_512_NA_1_NA.png","53.1330","vdb-volume_ao_orbit-y_2_512_NA_5_NA.png","5.8515","vdb-volume_pathtracer_orbit-y_2_512_NA_NA_10.png","6.6242","vdb-volume_pathtracer_orbit-y_2_512_NA_NA_5.png","58.7209","vdb-volume_scivis_orbit-y_2_512_false_1_NA.png","54.0842","vdb-volume_scivis_orbit-y_2_512_false_5_NA.png","44.5385","vdb-volume_scivis_orbit-y_2_512_true_1_NA.png","43.4953","vdb-volume_scivis_orbit-y_2_512_true_5_NA.png"
"Intel Core i7-8565U","vdb-volume","orbit-y","2","512","54.2841","vdb-volume_ao_orbit-y_2_512_NA_1_NA.png","51.9418","vdb-volume_ao_orbit-y_2_512_NA_5_NA.png","5.9607","vdb-volume_pathtracer_orbit-y_2_512_NA_NA_10.png","6.4805","vdb-volume_pathtracer_orbit-y_2_512_NA_NA_5.png","55.0064","vdb-volume_scivis_orbit-y_2_512_false_1_NA.png","52.3588","vdb-volume_scivis_orbit-y_2_512_false_5_NA.png","43.7315","vdb-volume_scivis_orbit-y_2_512_true_1_NA.png","41.8407","vdb-volume_scivis_orbit-y_2_512_true_5_NA.png"
"Intel Xeon E5-2630 v4","vdb-volume","orbit-y","2","512","162.4334","vdb-volume_ao_orbit-y_2_512_NA_1_NA.png","149.9444","vdb-volume_ao_orbit-y_2_512_NA_5_NA.png","16.9400","vdb-volume_pathtracer_orbit-y_2_512_NA_NA_10.png","19.0074","vdb-volume_pathtracer_orbit-y_2_512_NA_NA_5.png","165.7328","vdb-volume_scivis_orbit-y_2_512_false_1_NA.png","165.2131","vdb-volume_scivis_orbit-y_2_512_false_5_NA.png","126.2365","vdb-volume_scivis_orbit-y_2_512_true_1_NA.png","126.4656","vdb-volume_scivis_orbit-y_2_512_true_5_NA.png"
"AMD Ryzen 7 1800X","vdb-volume","orbit-y","3","1024","22.4128","vdb-volume_ao_orbit-y_3_1024_NA_1_NA.png","20.0684","vdb-volume_ao_orbit-y_3_1024_NA_5_NA.png","2.3204","vdb-volume_pathtracer_orbit-y_3_1024_NA_NA_10.png","2.6087","vdb-volume_pathtracer_orbit-y_3_1024_NA_NA_5.png","22.9135","vdb-volume_scivis_orbit-y_3_1024_false_1_NA.png","22.9083","vdb-volume_scivis_orbit-y_3_1024_false_5_NA.png","17.6308","vdb-volume_scivis_orbit-y_3_1024_true_1_NA.png","17.5669","vdb-volume_scivis_orbit-y_3_1024_true_5_NA.png"
"AMD Ryzen 9 3900X","vdb-volume","orbit-y","3","1024","49.9351","vdb-volume_ao_orbit-y_3_1024_NA_1_NA.png","46.1941","vdb-volume_ao_orbit-y_3_1024_NA_5_NA.png","4.8312","vdb-volume_pathtracer_orbit-y_3_1024_NA_NA_10.png","5.4798","vdb-volume_pathtracer_orbit-y_3_1024_NA_NA_5.png","50.6563","vdb-volume_scivis_orbit-y_3_1024_false_1_NA.png","50.5901","vdb-volume_scivis_orbit-y_3_1024_false_5_NA.png","37.9151","vdb-volume_scivis_orbit-y_3_1024_true_1_NA.png","37.9088","vdb-volume_scivis_orbit-y_3_1024_true_5_NA.png"
"Intel Core i5-7500","vdb-volume","orbit-y","3","1024","15.3101","vdb-volume_ao_orbit-y_3_1024_NA_1_NA.png","14.1689","vdb-volume_ao_orbit-y_3_1024_NA_5_NA.png","1.4746","vdb-volume_pathtracer_orbit-y_3_1024_NA_NA_10.png","1.6725","vdb-volume_pathtracer_orbit-y_3_1024_NA_NA_5.png","15.6077","vdb-volume_scivis_orbit-y_3_1024_false_1_NA.png","15.5900","vdb-volume_scivis_orbit-y_3_1024_false_5_NA.png","11.7987","vdb-volume_scivis_orbit-y_3_1024_true_1_NA.png","11.8653","vdb-volume_scivis_orbit-y_3_1024_true_5_NA.png"
"Intel Core i7-8565U","vdb-volume","orbit-y","3","1024","14.4325","vdb-volume_ao_orbit-y_3_1024_NA_1_NA.png","13.9224","vdb-volume_ao_orbit-y_3_1024_NA_5_NA.png","1.5685","vdb-volume_pathtracer_orbit-y_3_1024_NA_NA_10.png","1.7229","vdb-volume_pathtracer_orbit-y_3_1024_NA_NA_5.png","15.1504","vdb-volume_scivis_orbit-y_3_1024_false_1_NA.png","15.5197","vdb-volume_scivis_orbit-y_3_1024_false_5_NA.png","11.8758","vdb-volume_scivis_orbit-y_3_1024_true_1_NA.png","11.5326","vdb-volume_scivis_orbit-y_3_1024_true_5_NA.png"
"Intel Xeon E5-2630 v4","vdb-volume","orbit-y","3","1024","44.6618","vdb-volume_ao_orbit-y_3_1024_NA_1_NA.png","40.8921","vdb-volume_ao_orbit-y_3_1024_NA_5_NA.png","4.3615","vdb-volume_pathtracer_orbit-y_3_1024_NA_NA_10.png","4.9381","vdb-volume_pathtracer_orbit-y_3_1024_NA_NA_5.png","45.6729","vdb-volume_scivis_orbit-y_3_1024_false_1_NA.png","45.5585","vdb-volume_scivis_orbit-y_3_1024_false_5_NA.png","34.5804","vdb-volume_scivis_orbit-y_3_1024_true_1_NA.png","34.3474","vdb-volume_scivis_orbit-y_3_1024_true_5_NA.png"
"AMD Ryzen 7 1800X","vdb-volume","orbit-y","3","2048","5.6907","vdb-volume_ao_orbit-y_3_2048_NA_1_NA.png","5.1066","vdb-volume_ao_orbit-y_3_2048_NA_5_NA.png","0.5807","vdb-volume_pathtracer_orbit-y_3_2048_NA_NA_10.png","0.6631","vdb-volume_pathtracer_orbit-y_3_2048_NA_NA_5.png","5.8535","vdb-volume_scivis_orbit-y_3_2048_false_1_NA.png","5.8146","vdb-volume_scivis_orbit-y_3_2048_false_5_NA.png","4.4743","vdb-volume_scivis_orbit-y_3_2048_true_1_NA.png","4.4776","vdb-volume_scivis_orbit-y_3_2048_true_5_NA.png"
"AMD Ryzen 9 3900X","vdb-volume","orbit-y","3","2048","12.7246","vdb-volume_ao_orbit-y_3_2048_NA_1_NA.png","11.8145","vdb-volume_ao_orbit-y_3_2048_NA_5_NA.png","1.2169","vdb-volume_pathtracer_orbit-y_3_2048_NA_NA_10.png","1.3845","vdb-volume_pathtracer_orbit-y_3_2048_NA_NA_5.png","12.9743","vdb-volume_scivis_orbit-y_3_2048_false_1_NA.png","12.9385","vdb-volume_scivis_orbit-y_3_2048_false_5_NA.png","9.6744","vdb-volume_scivis_orbit-y_3_2048_true_1_NA.png","9.6470","vdb-volume_scivis_orbit-y_3_2048_true_5_NA.png"
"Intel Core i5-7500","vdb-volume","orbit-y","3","2048","3.8563","vdb-volume_ao_orbit-y_3_2048_NA_1_NA.png","3.5665","vdb-volume_ao_orbit-y_3_2048_NA_5_NA.png","0.3623","vdb-volume_pathtracer_orbit-y_3_2048_NA_NA_10.png","0.4219","vdb-volume_pathtracer_orbit-y_3_2048_NA_NA_5.png","3.9754","vdb-volume_scivis_orbit-y_3_2048_false_1_NA.png","3.9014","vdb-volume_scivis_orbit-y_3_2048_false_5_NA.png","2.9542","vdb-volume_scivis_orbit-y_3_2048_true_1_NA.png","2.9642","vdb-volume_scivis_orbit-y_3_2048_true_5_NA.png"
"Intel Core i7-8565U","vdb-volume","orbit-y","3","2048","3.7985","vdb-volume_ao_orbit-y_3_2048_NA_1_NA.png","3.2772","vdb-volume_ao_orbit-y_3_2048_NA_5_NA.png","0.3681","vdb-volume_pathtracer_orbit-y_3_2048_NA_NA_10.png","0.4229","vdb-volume_pathtracer_orbit-y_3_2048_NA_NA_5.png","3.0037","vdb-volume_scivis_orbit-y_3_2048_false_1_NA.png","2.7062","vdb-volume_scivis_orbit-y_3_2048_false_5_NA.png","2.9650","vdb-volume_scivis_orbit-y_3_2048_true_1_NA.png","2.3486","vdb-volume_scivis_orbit-y_3_2048_true_5_NA.png"
"Intel Xeon E5-2630 v4","vdb-volume","orbit-y","3","2048","11.3951","vdb-volume_ao_orbit-y_3_2048_NA_1_NA.png","10.4227","vdb-volume_ao_orbit-y_3_2048_NA_5_NA.png","1.1016","vdb-volume_pathtracer_orbit-y_3_2048_NA_NA_10.png","1.2458","vdb-volume_pathtracer_orbit-y_3_2048_NA_NA_5.png","11.6150","vdb-volume_scivis_orbit-y_3_2048_false_1_NA.png","11.6203","vdb-volume_scivis_orbit-y_3_2048_false_5_NA.png","8.8089","vdb-volume_scivis_orbit-y_3_2048_true_1_NA.png","8.7752","vdb-volume_scivis_orbit-y_3_2048_true_5_NA.png"
"AMD Ryzen 7 1800X","vdb-volume","orbit-y","3","512","86.2612","vdb-volume_ao_orbit-y_3_512_NA_1_NA.png","77.6434","vdb-volume_ao_orbit-y_3_512_NA_5_NA.png","9.0920","vdb-volume_pathtracer_orbit-y_3_512_NA_NA_10.png","10.2873","vdb-volume_pathtracer_orbit-y_3_512_NA_NA_5.png","87.9801","vdb-volume_scivis_orbit-y_3_512_false_1_NA.png","88.0949","vdb-volume_scivis_orbit-y_3_512_false_5_NA.png","67.5909","vdb-volume_scivis_orbit-y_3_512_true_1_NA.png","67.5959","vdb-volume_scivis_orbit-y_3_512_true_5_NA.png"
"AMD Ryzen 9 3900X","vdb-volume","orbit-y","3","512","187.7335","vdb-volume_ao_orbit-y_3_512_NA_1_NA.png","174.5758","vdb-volume_ao_orbit-y_3_512_NA_5_NA.png","18.9455","vdb-volume_pathtracer_orbit-y_3_512_NA_NA_10.png","21.4457","vdb-volume_pathtracer_orbit-y_3_512_NA_NA_5.png","190.9975","vdb-volume_scivis_orbit-y_3_512_false_1_NA.png","191.1812","vdb-volume_scivis_orbit-y_3_512_false_5_NA.png","143.8723","vdb-volume_scivis_orbit-y_3_512_true_1_NA.png","143.8642","vdb-volume_scivis_orbit-y_3_512_true_5_NA.png"
"Intel Core i5-7500","vdb-volume","orbit-y","3","512","59.8591","vdb-volume_ao_orbit-y_3_512_NA_1_NA.png","54.6729","vdb-volume_ao_orbit-y_3_512_NA_5_NA.png","5.9878","vdb-volume_pathtracer_orbit-y_3_512_NA_NA_10.png","6.6460","vdb-volume_pathtracer_orbit-y_3_512_NA_NA_5.png","58.4847","vdb-volume_scivis_orbit-y_3_512_false_1_NA.png","60.6800","vdb-volume_scivis_orbit-y_3_512_false_5_NA.png","42.7822","vdb-volume_scivis_orbit-y_3_512_true_1_NA.png","45.5145","vdb-volume_scivis_orbit-y_3_512_true_5_NA.png"
"Intel Core i7-8565U","vdb-volume","orbit-y","3","512","56.0529","vdb-volume_ao_orbit-y_3_512_NA_1_NA.png","51.3160","vdb-volume_ao_orbit-y_3_512_NA_5_NA.png","5.5297","vdb-volume_pathtracer_orbit-y_3_512_NA_NA_10.png","6.9107","vdb-volume_pathtracer_orbit-y_3_512_NA_NA_5.png","58.5124","vdb-volume_scivis_orbit-y_3_512_false_1_NA.png","58.4317","vdb-volume_scivis_orbit-y_3_512_false_5_NA.png","36.8951","vdb-volume_scivis_orbit-y_3_512_true_1_NA.png","42.6831","vdb-volume_scivis_orbit-y_3_512_true_5_NA.png"
"Intel Xeon E5-2630 v4","vdb-volume","orbit-y","3","512","166.8015","vdb-volume_ao_orbit-y_3_512_NA_1_NA.png","153.7650","vdb-volume_ao_orbit-y_3_512_NA_5_NA.png","17.0703","vdb-volume_pathtracer_orbit-y_3_512_NA_NA_10.png","19.0882","vdb-volume_pathtracer_orbit-y_3_512_NA_NA_5.png","171.0817","vdb-volume_scivis_orbit-y_3_512_false_1_NA.png","170.3134","vdb-volume_scivis_orbit-y_3_512_false_5_NA.png","130.0147","vdb-volume_scivis_orbit-y_3_512_true_1_NA.png","130.5379","vdb-volume_scivis_orbit-y_3_512_true_5_NA.png"
"AMD Ryzen 7 1800X","vdb-volume","orbit-y","4","1024","22.2988","vdb-volume_ao_orbit-y_4_1024_NA_1_NA.png","20.0467","vdb-volume_ao_orbit-y_4_1024_NA_5_NA.png","2.3089","vdb-volume_pathtracer_orbit-y_4_1024_NA_NA_10.png","2.6086","vdb-volume_pathtracer_orbit-y_4_1024_NA_NA_5.png","22.8534","vdb-volume_scivis_orbit-y_4_1024_false_1_NA.png","22.8294","vdb-volume_scivis_orbit-y_4_1024_false_5_NA.png","17.5537","vdb-volume_scivis_orbit-y_4_1024_true_1_NA.png","17.5148","vdb-volume_scivis_orbit-y_4_1024_true_5_NA.png"
"AMD Ryzen 9 3900X","vdb-volume","orbit-y","4","1024","49.7122","vdb-volume_ao_orbit-y_4_1024_NA_1_NA.png","45.9341","vdb-volume_ao_orbit-y_4_1024_NA_5_NA.png","4.8076","vdb-volume_pathtracer_orbit-y_4_1024_NA_NA_10.png","5.4661","vdb-volume_pathtracer_orbit-y_4_1024_NA_NA_5.png","50.4063","vdb-volume_scivis_orbit-y_4_1024_false_1_NA.png","50.3626","vdb-volume_scivis_orbit-y_4_1024_false_5_NA.png","37.7228","vdb-volume_scivis_orbit-y_4_1024_true_1_NA.png","37.6886","vdb-volume_scivis_orbit-y_4_1024_true_5_NA.png"
"Intel Core i5-7500","vdb-volume","orbit-y","4","1024","15.4905","vdb-volume_ao_orbit-y_4_1024_NA_1_NA.png","14.1325","vdb-volume_ao_orbit-y_4_1024_NA_5_NA.png","1.5095","vdb-volume_pathtracer_orbit-y_4_1024_NA_NA_10.png","1.6354","vdb-volume_pathtracer_orbit-y_4_1024_NA_NA_5.png","15.6808","vdb-volume_scivis_orbit-y_4_1024_false_1_NA.png","15.5614","vdb-volume_scivis_orbit-y_4_1024_false_5_NA.png","11.1263","vdb-volume_scivis_orbit-y_4_1024_true_1_NA.png","10.7817","vdb-volume_scivis_orbit-y_4_1024_true_5_NA.png"
"Intel Core i7-8565U","vdb-volume","orbit-y","4","1024","15.2077","vdb-volume_ao_orbit-y_4_1024_NA_1_NA.png","11.1311","vdb-volume_ao_orbit-y_4_1024_NA_5_NA.png","1.5105","vdb-volume_pathtracer_orbit-y_4_1024_NA_NA_10.png","1.4798","vdb-volume_pathtracer_orbit-y_4_1024_NA_NA_5.png","14.6092","vdb-volume_scivis_orbit-y_4_1024_false_1_NA.png","15.2037","vdb-volume_scivis_orbit-y_4_1024_false_5_NA.png","11.4310","vdb-volume_scivis_orbit-y_4_1024_true_1_NA.png","11.8588","vdb-volume_scivis_orbit-y_4_1024_true_5_NA.png"
"Intel Xeon E5-2630 v4","vdb-volume","orbit-y","4","1024","44.5004","vdb-volume_ao_orbit-y_4_1024_NA_1_NA.png","40.7488","vdb-volume_ao_orbit-y_4_1024_NA_5_NA.png","4.3664","vdb-volume_pathtracer_orbit-y_4_1024_NA_NA_10.png","4.9102","vdb-volume_pathtracer_orbit-y_4_1024_NA_NA_5.png","45.3426","vdb-volume_scivis_orbit-y_4_1024_false_1_NA.png","45.4523","vdb-volume_scivis_orbit-y_4_1024_false_5_NA.png","34.2292","vdb-volume_scivis_orbit-y_4_1024_true_1_NA.png","34.2809","vdb-volume_scivis_orbit-y_4_1024_true_5_NA.png"
"AMD Ryzen 7 1800X","vdb-volume","orbit-y","4","2048","5.6415","vdb-volume_ao_orbit-y_4_2048_NA_1_NA.png","5.0892","vdb-volume_ao_orbit-y_4_2048_NA_5_NA.png","0.5819","vdb-volume_pathtracer_orbit-y_4_2048_NA_NA_10.png","0.6580","vdb-volume_pathtracer_orbit-y_4_2048_NA_NA_5.png","5.8138","vdb-volume_scivis_orbit-y_4_2048_false_1_NA.png","5.8045","vdb-volume_scivis_orbit-y_4_2048_false_5_NA.png","4.4663","vdb-volume_scivis_orbit-y_4_2048_true_1_NA.png","4.4729","vdb-volume_scivis_orbit-y_4_2048_true_5_NA.png"
"AMD Ryzen 9 3900X","vdb-volume","orbit-y","4","2048","12.6653","vdb-volume_ao_orbit-y_4_2048_NA_1_NA.png","11.7379","vdb-volume_ao_orbit-y_4_2048_NA_5_NA.png","1.2145","vdb-volume_pathtracer_orbit-y_4_2048_NA_NA_10.png","1.3737","vdb-volume_pathtracer_orbit-y_4_2048_NA_NA_5.png","12.8669","vdb-volume_scivis_orbit-y_4_2048_false_1_NA.png","12.8531","vdb-volume_scivis_orbit-y_4_2048_false_5_NA.png","9.6158","vdb-volume_scivis_orbit-y_4_2048_true_1_NA.png","9.6100","vdb-volume_scivis_orbit-y_4_2048_true_5_NA.png"
"Intel Core i5-7500","vdb-volume","orbit-y","4","2048","3.8727","vdb-volume_ao_orbit-y_4_2048_NA_1_NA.png","3.3902","vdb-volume_ao_orbit-y_4_2048_NA_5_NA.png","0.3672","vdb-volume_pathtracer_orbit-y_4_2048_NA_NA_10.png","0.4185","vdb-volume_pathtracer_orbit-y_4_2048_NA_NA_5.png","3.8512","vdb-volume_scivis_orbit-y_4_2048_false_1_NA.png","3.9471","vdb-volume_scivis_orbit-y_4_2048_false_5_NA.png","2.9807","vdb-volume_scivis_orbit-y_4_2048_true_1_NA.png","2.9198","vdb-volume_scivis_orbit-y_4_2048_true_5_NA.png"
"Intel Core i7-8565U","vdb-volume","orbit-y","4","2048","3.7412","vdb-volume_ao_orbit-y_4_2048_NA_1_NA.png","3.0945","vdb-volume_ao_orbit-y_4_2048_NA_5_NA.png","0.3662","vdb-volume_pathtracer_orbit-y_4_2048_NA_NA_10.png","0.4152","vdb-volume_pathtracer_orbit-y_4_2048_NA_NA_5.png","3.7632","vdb-volume_scivis_orbit-y_4_2048_false_1_NA.png","3.8691","vdb-volume_scivis_orbit-y_4_2048_false_5_NA.png","2.4237","vdb-volume_scivis_orbit-y_4_2048_true_1_NA.png","2.9386","vdb-volume_scivis_orbit-y_4_2048_true_5_NA.png"
"Intel Xeon E5-2630 v4","vdb-volume","orbit-y","4","2048","11.3323","vdb-volume_ao_orbit-y_4_2048_NA_1_NA.png","10.4242","vdb-volume_ao_orbit-y_4_2048_NA_5_NA.png","1.0990","vdb-volume_pathtracer_orbit-y_4_2048_NA_NA_10.png","1.2349","vdb-volume_pathtracer_orbit-y_4_2048_NA_NA_5.png","11.6125","vdb-volume_scivis_orbit-y_4_2048_false_1_NA.png","11.5990","vdb-volume_scivis_orbit-y_4_2048_false_5_NA.png","8.7333","vdb-volume_scivis_orbit-y_4_2048_true_1_NA.png","8.7606","vdb-volume_scivis_orbit-y_4_2048_true_5_NA.png"
"AMD Ryzen 7 1800X","vdb-volume","orbit-y","4","512","86.0615","vdb-volume_ao_orbit-y_4_512_NA_1_NA.png","77.3013","vdb-volume_ao_orbit-y_4_512_NA_5_NA.png","9.0699","vdb-volume_pathtracer_orbit-y_4_512_NA_NA_10.png","10.2136","vdb-volume_pathtracer_orbit-y_4_512_NA_NA_5.png","87.9647","vdb-volume_scivis_orbit-y_4_512_false_1_NA.png","87.8272","vdb-volume_scivis_orbit-y_4_512_false_5_NA.png","67.5156","vdb-volume_scivis_orbit-y_4_512_true_1_NA.png","67.4454","vdb-volume_scivis_orbit-y_4_512_true_5_NA.png"
"AMD Ryzen 9 3900X","vdb-volume","orbit-y","4","512","187.7025","vdb-volume_ao_orbit-y_4_512_NA_1_NA.png","174.1526","vdb-volume_ao_orbit-y_4_512_NA_5_NA.png","18.8106","vdb-volume_pathtracer_orbit-y_4_512_NA_NA_10.png","21.2765","vdb-volume_pathtracer_orbit-y_4_512_NA_NA_5.png","190.5147","vdb-volume_scivis_orbit-y_4_512_false_1_NA.png","191.0026","vdb-volume_scivis_orbit-y_4_512_false_5_NA.png","143.0410","vdb-volume_scivis_orbit-y_4_512_true_1_NA.png","143.1121","vdb-volume_scivis_orbit-y_4_512_true_5_NA.png"
"Intel Core i5-7500","vdb-volume","orbit-y","4","512","59.4537","vdb-volume_ao_orbit-y_4_512_NA_1_NA.png","51.2713","vdb-volume_ao_orbit-y_4_512_NA_5_NA.png","5.8670","vdb-volume_pathtracer_orbit-y_4_512_NA_NA_10.png","6.5709","vdb-volume_pathtracer_orbit-y_4_512_NA_NA_5.png","60.8872","vdb-volume_scivis_orbit-y_4_512_false_1_NA.png","60.6454","vdb-volume_scivis_orbit-y_4_512_false_5_NA.png","42.9561","vdb-volume_scivis_orbit-y_4_512_true_1_NA.png","44.1517","vdb-volume_scivis_orbit-y_4_512_true_5_NA.png"
"Intel Core i7-8565U","vdb-volume","orbit-y","4","512","59.7186","vdb-volume_ao_orbit-y_4_512_NA_1_NA.png","50.1055","vdb-volume_ao_orbit-y_4_512_NA_5_NA.png","5.9805","vdb-volume_pathtracer_orbit-y_4_512_NA_NA_10.png","6.9360","vdb-volume_pathtracer_orbit-y_4_512_NA_NA_5.png","58.8661","vdb-volume_scivis_orbit-y_4_512_false_1_NA.png","43.0443","vdb-volume_scivis_orbit-y_4_512_false_5_NA.png","43.5964","vdb-volume_scivis_orbit-y_4_512_true_1_NA.png","41.3573","vdb-volume_scivis_orbit-y_4_512_true_5_NA.png"
"Intel Xeon E5-2630 v4","vdb-volume","orbit-y","4","512","167.2051","vdb-volume_ao_orbit-y_4_512_NA_1_NA.png","153.9662","vdb-volume_ao_orbit-y_4_512_NA_5_NA.png","16.9749","vdb-volume_pathtracer_orbit-y_4_512_NA_NA_10.png","19.0725","vdb-volume_pathtracer_orbit-y_4_512_NA_NA_5.png","170.1627","vdb-volume_scivis_orbit-y_4_512_false_1_NA.png","169.9677","vdb-volume_scivis_orbit-y_4_512_false_5_NA.png","129.1259","vdb-volume_scivis_orbit-y_4_512_true_1_NA.png","130.1150","vdb-volume_scivis_orbit-y_4_512_true_5_NA.png"
"AMD Ryzen 7 1800X","vdb-volume","orbit-y","5","1024","21.4232","vdb-volume_ao_orbit-y_5_1024_NA_1_NA.png","19.3029","vdb-volume_ao_orbit-y_5_1024_NA_5_NA.png","2.2548","vdb-volume_pathtracer_orbit-y_5_1024_NA_NA_10.png","2.5523","vdb-volume_pathtracer_orbit-y_5_1024_NA_NA_5.png","21.8481","vdb-volume_scivis_orbit-y_5_1024_false_1_NA.png","21.8497","vdb-volume_scivis_orbit-y_5_1024_false_5_NA.png","16.9554","vdb-volume_scivis_orbit-y_5_1024_true_1_NA.png","16.8588","vdb-volume_scivis_orbit-y_5_1024_true_5_NA.png"
"AMD Ryzen 9 3900X","vdb-volume","orbit-y","5","1024","47.2576","vdb-volume_ao_orbit-y_5_1024_NA_1_NA.png","43.8087","vdb-volume_ao_orbit-y_5_1024_NA_5_NA.png","4.6959","vdb-volume_pathtracer_orbit-y_5_1024_NA_NA_10.png","5.3343","vdb-volume_pathtracer_orbit-y_5_1024_NA_NA_5.png","47.8277","vdb-volume_scivis_orbit-y_5_1024_false_1_NA.png","48.0384","vdb-volume_scivis_orbit-y_5_1024_false_5_NA.png","36.2427","vdb-volume_scivis_orbit-y_5_1024_true_1_NA.png","36.3021","vdb-volume_scivis_orbit-y_5_1024_true_5_NA.png"
"Intel Core i5-7500","vdb-volume","orbit-y","5","1024","14.5845","vdb-volume_ao_orbit-y_5_1024_NA_1_NA.png","13.4417","vdb-volume_ao_orbit-y_5_1024_NA_5_NA.png","1.4395","vdb-volume_pathtracer_orbit-y_5_1024_NA_NA_10.png","1.6597","vdb-volume_pathtracer_orbit-y_5_1024_NA_NA_5.png","15.1720","vdb-volume_scivis_orbit-y_5_1024_false_1_NA.png","14.8581","vdb-volume_scivis_orbit-y_5_1024_false_5_NA.png","10.4063","vdb-volume_scivis_orbit-y_5_1024_true_1_NA.png","10.8812","vdb-volume_scivis_orbit-y_5_1024_true_5_NA.png"
"Intel Core i7-8565U","vdb-volume","orbit-y","5","1024","14.0072","vdb-volume_ao_orbit-y_5_1024_NA_1_NA.png","12.4346","vdb-volume_ao_orbit-y_5_1024_NA_5_NA.png","1.4753","vdb-volume_pathtracer_orbit-y_5_1024_NA_NA_10.png","1.6689","vdb-volume_pathtracer_orbit-y_5_1024_NA_NA_5.png","13.2838","vdb-volume_scivis_orbit-y_5_1024_false_1_NA.png","14.6703","vdb-volume_scivis_orbit-y_5_1024_false_5_NA.png","11.4117","vdb-volume_scivis_orbit-y_5_1024_true_1_NA.png","10.7100","vdb-volume_scivis_orbit-y_5_1024_true_5_NA.png"
"Intel Xeon E5-2630 v4","vdb-volume","orbit-y","5","1024","42.6328","vdb-volume_ao_orbit-y_5_1024_NA_1_NA.png","39.1833","vdb-volume_ao_orbit-y_5_1024_NA_5_NA.png","4.2584","vdb-volume_pathtracer_orbit-y_5_1024_NA_NA_10.png","4.8176","vdb-volume_pathtracer_orbit-y_5_1024_NA_NA_5.png","43.5303","vdb-volume_scivis_orbit-y_5_1024_false_1_NA.png","43.6114","vdb-volume_scivis_orbit-y_5_1024_false_5_NA.png","33.1984","vdb-volume_scivis_orbit-y_5_1024_true_1_NA.png","33.1279","vdb-volume_scivis_orbit-y_5_1024_true_5_NA.png"
"AMD Ryzen 7 1800X","vdb-volume","orbit-y","5","2048","5.4328","vdb-volume_ao_orbit-y_5_2048_NA_1_NA.png","4.9098","vdb-volume_ao_orbit-y_5_2048_NA_5_NA.png","0.5673","vdb-volume_pathtracer_orbit-y_5_2048_NA_NA_10.png","0.6429","vdb-volume_pathtracer_orbit-y_5_2048_NA_NA_5.png","5.5564","vdb-volume_scivis_orbit-y_5_2048_false_1_NA.png","5.5573","vdb-volume_scivis_orbit-y_5_2048_false_5_NA.png","4.2972","vdb-volume_scivis_orbit-y_5_2048_true_1_NA.png","4.3122","vdb-volume_scivis_orbit-y_5_2048_true_5_NA.png"
"AMD Ryzen 9 3900X","vdb-volume","orbit-y","5","2048","12.0285","vdb-volume_ao_orbit-y_5_2048_NA_1_NA.png","11.1917","vdb-volume_ao_orbit-y_5_2048_NA_5_NA.png","1.1815","vdb-volume_pathtracer_orbit-y_5_2048_NA_NA_10.png","1.3413","vdb-volume_pathtracer_orbit-y_5_2048_NA_NA_5.png","12.2441","vdb-volume_scivis_orbit-y_5_2048_false_1_NA.png","12.2625","vdb-volume_scivis_orbit-y_5_2048_false_5_NA.png","9.2459","vdb-volume_scivis_orbit-y_5_2048_true_1_NA.png","9.2264","vdb-volume_scivis_orbit-y_5_2048_true_5_NA.png"
"Intel Core i5-7500","vdb-volume","orbit-y","5","2048","3.6638","vdb-volume_ao_orbit-y_5_2048_NA_1_NA.png","3.3689","vdb-volume_ao_orbit-y_5_2048_NA_5_NA.png","0.3535","vdb-volume_pathtracer_orbit-y_5_2048_NA_NA_10.png","0.3972","vdb-volume_pathtracer_orbit-y_5_2048_NA_NA_5.png","3.7252","vdb-volume_scivis_orbit-y_5_2048_false_1_NA.png","3.7812","vdb-volume_scivis_orbit-y_5_2048_false_5_NA.png","2.8471","vdb-volume_scivis_orbit-y_5_2048_true_1_NA.png","2.8317","vdb-volume_scivis_orbit-y_5_2048_true_5_NA.png"
"Intel Core i7-8565U","vdb-volume","orbit-y","5","2048","3.7130","vdb-volume_ao_orbit-y_5_2048_NA_1_NA.png","3.3898","vdb-volume_ao_orbit-y_5_2048_NA_5_NA.png","0.3541","vdb-volume_pathtracer_orbit-y_5_2048_NA_NA_10.png","0.4022","vdb-volume_pathtracer_orbit-y_5_2048_NA_NA_5.png","3.7805","vdb-volume_scivis_orbit-y_5_2048_false_1_NA.png","3.6401","vdb-volume_scivis_orbit-y_5_2048_false_5_NA.png","2.8941","vdb-volume_scivis_orbit-y_5_2048_true_1_NA.png","2.7798","vdb-volume_scivis_orbit-y_5_2048_true_5_NA.png"
"Intel Xeon E5-2630 v4","vdb-volume","orbit-y","5","2048","10.8857","vdb-volume_ao_orbit-y_5_2048_NA_1_NA.png","9.9732","vdb-volume_ao_orbit-y_5_2048_NA_5_NA.png","1.0738","vdb-volume_pathtracer_orbit-y_5_2048_NA_NA_10.png","1.2084","vdb-volume_pathtracer_orbit-y_5_2048_NA_NA_5.png","11.0663","vdb-volume_scivis_orbit-y_5_2048_false_1_NA.png","11.1256","vdb-volume_scivis_orbit-y_5_2048_false_5_NA.png","8.4279","vdb-volume_scivis_orbit-y_5_2048_true_1_NA.png","8.4830","vdb-volume_scivis_orbit-y_5_2048_true_5_NA.png"
"AMD Ryzen 7 1800X","vdb-volume","orbit-y","5","512","82.2612","vdb-volume_ao_orbit-y_5_512_NA_1_NA.png","74.4729","vdb-volume_ao_orbit-y_5_512_NA_5_NA.png","8.8632","vdb-volume_pathtracer_orbit-y_5_512_NA_NA_10.png","9.9768","vdb-volume_pathtracer_orbit-y_5_512_NA_NA_5.png","84.1184","vdb-volume_scivis_orbit-y_5_512_false_1_NA.png","81.4936","vdb-volume_scivis_orbit-y_5_512_false_5_NA.png","65.0474","vdb-volume_scivis_orbit-y_5_512_true_1_NA.png","64.9840","vdb-volume_scivis_orbit-y_5_512_true_5_NA.png"
"AMD Ryzen 9 3900X","vdb-volume","orbit-y","5","512","180.0332","vdb-volume_ao_orbit-y_5_512_NA_1_NA.png","166.5775","vdb-volume_ao_orbit-y_5_512_NA_5_NA.png","18.3112","vdb-volume_pathtracer_orbit-y_5_512_NA_NA_10.png","20.7088","vdb-volume_pathtracer_orbit-y_5_512_NA_NA_5.png","180.6959","vdb-volume_scivis_orbit-y_5_512_false_1_NA.png","181.5419","vdb-volume_scivis_orbit-y_5_512_false_5_NA.png","137.8118","vdb-volume_scivis_orbit-y_5_512_true_1_NA.png","137.8865","vdb-volume_scivis_orbit-y_5_512_true_5_NA.png"
"Intel Core i5-7500","vdb-volume","orbit-y","5","512","57.2666","vdb-volume_ao_orbit-y_5_512_NA_1_NA.png","52.3664","vdb-volume_ao_orbit-y_5_512_NA_5_NA.png","5.4268","vdb-volume_pathtracer_orbit-y_5_512_NA_NA_10.png","6.3990","vdb-volume_pathtracer_orbit-y_5_512_NA_NA_5.png","59.0497","vdb-volume_scivis_orbit-y_5_512_false_1_NA.png","59.2835","vdb-volume_scivis_orbit-y_5_512_false_5_NA.png","43.3152","vdb-volume_scivis_orbit-y_5_512_true_1_NA.png","43.9406","vdb-volume_scivis_orbit-y_5_512_true_5_NA.png"
"Intel Core i7-8565U","vdb-volume","orbit-y","5","512","44.6480","vdb-volume_ao_orbit-y_5_512_NA_1_NA.png","48.8470","vdb-volume_ao_orbit-y_5_512_NA_5_NA.png","5.5843","vdb-volume_pathtracer_orbit-y_5_512_NA_NA_10.png","5.6588","vdb-volume_pathtracer_orbit-y_5_512_NA_NA_5.png","55.6638","vdb-volume_scivis_orbit-y_5_512_false_1_NA.png","42.0941","vdb-volume_scivis_orbit-y_5_512_false_5_NA.png","41.2193","vdb-volume_scivis_orbit-y_5_512_true_1_NA.png","44.5284","vdb-volume_scivis_orbit-y_5_512_true_5_NA.png"
"Intel Xeon E5-2630 v4","vdb-volume","orbit-y","5","512","160.1027","vdb-volume_ao_orbit-y_5_512_NA_1_NA.png","148.3807","vdb-volume_ao_orbit-y_5_512_NA_5_NA.png","16.6331","vdb-volume_pathtracer_orbit-y_5_512_NA_NA_10.png","18.6026","vdb-volume_pathtracer_orbit-y_5_512_NA_NA_5.png","161.6590","vdb-volume_scivis_orbit-y_5_512_false_1_NA.png","163.1297","vdb-volume_scivis_orbit-y_5_512_false_5_NA.png","125.0469","vdb-volume_scivis_orbit-y_5_512_true_1_NA.png","124.4994","vdb-volume_scivis_orbit-y_5_512_true_5_NA.png"
"AMD Ryzen 7 1800X","vdb-volume","orbit-y","6","1024","22.0317","vdb-volume_ao_orbit-y_6_1024_NA_1_NA.png","19.7759","vdb-volume_ao_orbit-y_6_1024_NA_5_NA.png","2.2465","vdb-volume_pathtracer_orbit-y_6_1024_NA_NA_10.png","2.5579","vdb-volume_pathtracer_orbit-y_6_1024_NA_NA_5.png","22.5008","vdb-volume_scivis_orbit-y_6_1024_false_1_NA.png","22.6020","vdb-volume_scivis_orbit-y_6_1024_false_5_NA.png","17.4935","vdb-volume_scivis_orbit-y_6_1024_true_1_NA.png","17.4358","vdb-volume_scivis_orbit-y_6_1024_true_5_NA.png"
"AMD Ryzen 9 3900X","vdb-volume","orbit-y","6","1024","49.0167","vdb-volume_ao_orbit-y_6_1024_NA_1_NA.png","45.3509","vdb-volume_ao_orbit-y_6_1024_NA_5_NA.png","4.7028","vdb-volume_pathtracer_orbit-y_6_1024_NA_NA_10.png","5.3323","vdb-volume_pathtracer_orbit-y_6_1024_NA_NA_5.png","49.5435","vdb-volume_scivis_orbit-y_6_1024_false_1_NA.png","49.5766","vdb-volume_scivis_orbit-y_6_1024_false_5_NA.png","37.6509","vdb-volume_scivis_orbit-y_6_1024_true_1_NA.png","37.5064","vdb-volume_scivis_orbit-y_6_1024_true_5_NA.png"
"Intel Core i5-7500","vdb-volume","orbit-y","6","1024","15.2712","vdb-volume_ao_orbit-y_6_1024_NA_1_NA.png","13.6977","vdb-volume_ao_orbit-y_6_1024_NA_5_NA.png","1.4492","vdb-volume_pathtracer_orbit-y_6_1024_NA_NA_10.png","1.6576","vdb-volume_pathtracer_orbit-y_6_1024_NA_NA_5.png","15.4991","vdb-volume_scivis_orbit-y_6_1024_false_1_NA.png","15.5429","vdb-volume_scivis_orbit-y_6_1024_false_5_NA.png","10.9757","vdb-volume_scivis_orbit-y_6_1024_true_1_NA.png","11.5350","vdb-volume_scivis_orbit-y_6_1024_true_5_NA.png"
"Intel Core i7-8565U","vdb-volume","orbit-y","6","1024","14.6232","vdb-volume_ao_orbit-y_6_1024_NA_1_NA.png","13.2883","vdb-volume_ao_orbit-y_6_1024_NA_5_NA.png","1.4652","vdb-volume_pathtracer_orbit-y_6_1024_NA_NA_10.png","1.6804","vdb-volume_pathtracer_orbit-y_6_1024_NA_NA_5.png","15.1483","vdb-volume_scivis_orbit-y_6_1024_false_1_NA.png","14.1124","vdb-volume_scivis_orbit-y_6_1024_false_5_NA.png","11.5626","vdb-volume_scivis_orbit-y_6_1024_true_1_NA.png","11.5736","vdb-volume_scivis_orbit-y_6_1024_true_5_NA.png"
"Intel Xeon E5-2630 v4","vdb-volume","orbit-y","6","1024","44.0954","vdb-volume_ao_orbit-y_6_1024_NA_1_NA.png","40.5703","vdb-volume_ao_orbit-y_6_1024_NA_5_NA.png","4.2748","vdb-volume_pathtracer_orbit-y_6_1024_NA_NA_10.png","4.8339","vdb-volume_pathtracer_orbit-y_6_1024_NA_NA_5.png","44.9202","vdb-volume_scivis_orbit-y_6_1024_false_1_NA.png","44.9531","vdb-volume_scivis_orbit-y_6_1024_false_5_NA.png","34.2144","vdb-volume_scivis_orbit-y_6_1024_true_1_NA.png","34.2413","vdb-volume_scivis_orbit-y_6_1024_true_5_NA.png"
"AMD Ryzen 7 1800X","vdb-volume","orbit-y","6","2048","5.6080","vdb-volume_ao_orbit-y_6_2048_NA_1_NA.png","5.0329","vdb-volume_ao_orbit-y_6_2048_NA_5_NA.png","0.5686","vdb-volume_pathtracer_orbit-y_6_2048_NA_NA_10.png","0.6446","vdb-volume_pathtracer_orbit-y_6_2048_NA_NA_5.png","5.7502","vdb-volume_scivis_orbit-y_6_2048_false_1_NA.png","5.7392","vdb-volume_scivis_orbit-y_6_2048_false_5_NA.png","4.4287","vdb-volume_scivis_orbit-y_6_2048_true_1_NA.png","4.4351","vdb-volume_scivis_orbit-y_6_2048_true_5_NA.png"
"AMD Ryzen 9 3900X","vdb-volume","orbit-y","6","2048","12.5219","vdb-volume_ao_orbit-y_6_2048_NA_1_NA.png","11.6192","vdb-volume_ao_orbit-y_6_2048_NA_5_NA.png","1.1881","vdb-volume_pathtracer_orbit-y_6_2048_NA_NA_10.png","1.3476","vdb-volume_pathtracer_orbit-y_6_2048_NA_NA_5.png","12.6939","vdb-volume_scivis_orbit-y_6_2048_false_1_NA.png","12.7297","vdb-volume_scivis_orbit-y_6_2048_false_5_NA.png","9.5803","vdb-volume_scivis_orbit-y_6_2048_true_1_NA.png","9.5917","vdb-volume_scivis_orbit-y_6_2048_true_5_NA.png"
"Intel Core i5-7500","vdb-volume","orbit-y","6","2048","3.6230","vdb-volume_ao_orbit-y_6_2048_NA_1_NA.png","3.5297","vdb-volume_ao_orbit-y_6_2048_NA_5_NA.png","0.3575","vdb-volume_pathtracer_orbit-y_6_2048_NA_NA_10.png","0.4121","vdb-volume_pathtracer_orbit-y_6_2048_NA_NA_5.png","3.9555","vdb-volume_scivis_orbit-y_6_2048_false_1_NA.png","3.6501","vdb-volume_scivis_orbit-y_6_2048_false_5_NA.png","2.7865","vdb-volume_scivis_orbit-y_6_2048_true_1_NA.png","2.9373","vdb-volume_scivis_orbit-y_6_2048_true_5_NA.png"
"Intel Core i7-8565U","vdb-volume","orbit-y","6","2048","3.7549","vdb-volume_ao_orbit-y_6_2048_NA_1_NA.png","3.4780","vdb-volume_ao_orbit-y_6_2048_NA_5_NA.png","0.3596","vdb-volume_pathtracer_orbit-y_6_2048_NA_NA_10.png","0.4127","vdb-volume_pathtracer_orbit-y_6_2048_NA_NA_5.png","3.7328","vdb-volume_scivis_orbit-y_6_2048_false_1_NA.png","3.7866","vdb-volume_scivis_orbit-y_6_2048_false_5_NA.png","2.8618","vdb-volume_scivis_orbit-y_6_2048_true_1_NA.png","2.9993","vdb-volume_scivis_orbit-y_6_2048_true_5_NA.png"
"Intel Xeon E5-2630 v4","vdb-volume","orbit-y","6","2048","11.2254","vdb-volume_ao_orbit-y_6_2048_NA_1_NA.png","10.2949","vdb-volume_ao_orbit-y_6_2048_NA_5_NA.png","1.0764","vdb-volume_pathtracer_orbit-y_6_2048_NA_NA_10.png","1.2127","vdb-volume_pathtracer_orbit-y_6_2048_NA_NA_5.png","11.4348","vdb-volume_scivis_orbit-y_6_2048_false_1_NA.png","11.4873","vdb-volume_scivis_orbit-y_6_2048_false_5_NA.png","8.7104","vdb-volume_scivis_orbit-y_6_2048_true_1_NA.png","8.7233","vdb-volume_scivis_orbit-y_6_2048_true_5_NA.png"
"AMD Ryzen 7 1800X","vdb-volume","orbit-y","6","512","84.8724","vdb-volume_ao_orbit-y_6_512_NA_1_NA.png","76.5205","vdb-volume_ao_orbit-y_6_512_NA_5_NA.png","8.8369","vdb-volume_pathtracer_orbit-y_6_512_NA_NA_10.png","10.0065","vdb-volume_pathtracer_orbit-y_6_512_NA_NA_5.png","86.9044","vdb-volume_scivis_orbit-y_6_512_false_1_NA.png","86.6258","vdb-volume_scivis_orbit-y_6_512_false_5_NA.png","67.0425","vdb-volume_scivis_orbit-y_6_512_true_1_NA.png","67.2156","vdb-volume_scivis_orbit-y_6_512_true_5_NA.png"
"AMD Ryzen 9 3900X","vdb-volume","orbit-y","6","512","184.8268","vdb-volume_ao_orbit-y_6_512_NA_1_NA.png","172.1585","vdb-volume_ao_orbit-y_6_512_NA_5_NA.png","18.3743","vdb-volume_pathtracer_orbit-y_6_512_NA_NA_10.png","20.7784","vdb-volume_pathtracer_orbit-y_6_512_NA_NA_5.png","187.8728","vdb-volume_scivis_orbit-y_6_512_false_1_NA.png","187.6071","vdb-volume_scivis_orbit-y_6_512_false_5_NA.png","141.9118","vdb-volume_scivis_orbit-y_6_512_true_1_NA.png","142.6532","vdb-volume_scivis_orbit-y_6_512_true_5_NA.png"
"Intel Core i5-7500","vdb-volume","orbit-y","6","512","60.1902","vdb-volume_ao_orbit-y_6_512_NA_1_NA.png","53.0848","vdb-volume_ao_orbit-y_6_512_NA_5_NA.png","5.6653","vdb-volume_pathtracer_orbit-y_6_512_NA_NA_10.png","6.4606","vdb-volume_pathtracer_orbit-y_6_512_NA_NA_5.png","60.8028","vdb-volume_scivis_orbit-y_6_512_false_1_NA.png","59.8731","vdb-volume_scivis_orbit-y_6_512_false_5_NA.png","42.4290","vdb-volume_scivis_orbit-y_6_512_true_1_NA.png","45.7731","vdb-volume_scivis_orbit-y_6_512_true_5_NA.png"
"Intel Core i7-8565U","vdb-volume","orbit-y","6","512","55.2291","vdb-volume_ao_orbit-y_6_512_NA_1_NA.png","43.0546","vdb-volume_ao_orbit-y_6_512_NA_5_NA.png","6.0406","vdb-volume_pathtracer_orbit-y_6_512_NA_NA_10.png","6.5721","vdb-volume_pathtracer_orbit-y_6_512_NA_NA_5.png","54.2502","vdb-volume_scivis_orbit-y_6_512_false_1_NA.png","59.5019","vdb-volume_scivis_orbit-y_6_512_false_5_NA.png","45.7936","vdb-volume_scivis_orbit-y_6_512_true_1_NA.png","44.9626","vdb-volume_scivis_orbit-y_6_512_true_5_NA.png"
"Intel Xeon E5-2630 v4","vdb-volume","orbit-y","6","512","164.1527","vdb-volume_ao_orbit-y_6_512_NA_1_NA.png","152.2480","vdb-volume_ao_orbit-y_6_512_NA_5_NA.png","16.5405","vdb-volume_pathtracer_orbit-y_6_512_NA_NA_10.png","18.6649","vdb-volume_pathtracer_orbit-y_6_512_NA_NA_5.png","169.0571","vdb-volume_scivis_orbit-y_6_512_false_1_NA.png","167.5645","vdb-volume_scivis_orbit-y_6_512_false_5_NA.png","128.8076","vdb-volume_scivis_orbit-y_6_512_true_1_NA.png","129.1811","vdb-volume_scivis_orbit-y_6_512_true_5_NA.png"
"AMD Ryzen 7 1800X","vdb-volume","orbit-y","7","1024","22.4035","vdb-volume_ao_orbit-y_7_1024_NA_1_NA.png","20.1105","vdb-volume_ao_orbit-y_7_1024_NA_5_NA.png","2.2356","vdb-volume_pathtracer_orbit-y_7_1024_NA_NA_10.png","2.5454","vdb-volume_pathtracer_orbit-y_7_1024_NA_NA_5.png","22.9139","vdb-volume_scivis_orbit-y_7_1024_false_1_NA.png","22.8515","vdb-volume_scivis_orbit-y_7_1024_false_5_NA.png","17.8059","vdb-volume_scivis_orbit-y_7_1024_true_1_NA.png","17.7790","vdb-volume_scivis_orbit-y_7_1024_true_5_NA.png"
"AMD Ryzen 9 3900X","vdb-volume","orbit-y","7","1024","50.0240","vdb-volume_ao_orbit-y_7_1024_NA_1_NA.png","45.7137","vdb-volume_ao_orbit-y_7_1024_NA_5_NA.png","4.6797","vdb-volume_pathtracer_orbit-y_7_1024_NA_NA_10.png","5.3161","vdb-volume_pathtracer_orbit-y_7_1024_NA_NA_5.png","50.5761","vdb-volume_scivis_orbit-y_7_1024_false_1_NA.png","50.5107","vdb-volume_scivis_orbit-y_7_1024_false_5_NA.png","38.5097","vdb-volume_scivis_orbit-y_7_1024_true_1_NA.png","38.3877","vdb-volume_scivis_orbit-y_7_1024_true_5_NA.png"
"Intel Core i5-7500","vdb-volume","orbit-y","7","1024","15.4998","vdb-volume_ao_orbit-y_7_1024_NA_1_NA.png","14.1689","vdb-volume_ao_orbit-y_7_1024_NA_5_NA.png","1.4424","vdb-volume_pathtracer_orbit-y_7_1024_NA_NA_10.png","1.6357","vdb-volume_pathtracer_orbit-y_7_1024_NA_NA_5.png","15.9302","vdb-volume_scivis_orbit-y_7_1024_false_1_NA.png","15.7498","vdb-volume_scivis_orbit-y_7_1024_false_5_NA.png","11.8142","vdb-volume_scivis_orbit-y_7_1024_true_1_NA.png","11.7192","vdb-volume_scivis_orbit-y_7_1024_true_5_NA.png"
"Intel Core i7-8565U","vdb-volume","orbit-y","7","1024","14.5998","vdb-volume_ao_orbit-y_7_1024_NA_1_NA.png","12.4058","vdb-volume_ao_orbit-y_7_1024_NA_5_NA.png","1.4373","vdb-volume_pathtracer_orbit-y_7_1024_NA_NA_10.png","1.6282","vdb-volume_pathtracer_orbit-y_7_1024_NA_NA_5.png","13.7144","vdb-volume_scivis_orbit-y_7_1024_false_1_NA.png","15.2457","vdb-volume_scivis_orbit-y_7_1024_false_5_NA.png","11.4493","vdb-volume_scivis_orbit-y_7_1024_true_1_NA.png","11.5975","vdb-volume_scivis_orbit-y_7_1024_true_5_NA.png"
"Intel Xeon E5-2630 v4","vdb-volume","orbit-y","7","1024","44.5871","vdb-volume_ao_orbit-y_7_1024_NA_1_NA.png","40.9001","vdb-volume_ao_orbit-y_7_1024_NA_5_NA.png","4.2379","vdb-volume_pathtracer_orbit-y_7_1024_NA_NA_10.png","4.7934","vdb-volume_pathtracer_orbit-y_7_1024_NA_NA_5.png","45.8871","vdb-volume_scivis_orbit-y_7_1024_false_1_NA.png","45.5776","vdb-volume_scivis_orbit-y_7_1024_false_5_NA.png","35.1723","vdb-volume_scivis_orbit-y_7_1024_true_1_NA.png","35.1979","vdb-volume_scivis_orbit-y_7_1024_true_5_NA.png"
"AMD Ryzen 7 1800X","vdb-volume","orbit-y","7","2048","5.7090","vdb-volume_ao_orbit-y_7_2048_NA_1_NA.png","5.1236","vdb-volume_ao_orbit-y_7_2048_NA_5_NA.png","0.5646","vdb-volume_pathtracer_orbit-y_7_2048_NA_NA_10.png","0.6406","vdb-volume_pathtracer_orbit-y_7_2048_NA_NA_5.png","5.8373","vdb-volume_scivis_orbit-y_7_2048_false_1_NA.png","5.8292","vdb-volume_scivis_orbit-y_7_2048_false_5_NA.png","4.5382","vdb-volume_scivis_orbit-y_7_2048_true_1_NA.png","4.5435","vdb-volume_scivis_orbit-y_7_2048_true_5_NA.png"
"AMD Ryzen 9 3900X","vdb-volume","orbit-y","7","2048","12.6104","vdb-volume_ao_orbit-y_7_2048_NA_1_NA.png","11.7798","vdb-volume_ao_orbit-y_7_2048_NA_5_NA.png","1.1736","vdb-volume_pathtracer_orbit-y_7_2048_NA_NA_10.png","1.3418","vdb-volume_pathtracer_orbit-y_7_2048_NA_NA_5.png","12.9131","vdb-volume_scivis_orbit-y_7_2048_false_1_NA.png","12.9215","vdb-volume_scivis_orbit-y_7_2048_false_5_NA.png","9.8361","vdb-volume_scivis_orbit-y_7_2048_true_1_NA.png","9.8242","vdb-volume_scivis_orbit-y_7_2048_true_5_NA.png"
"Intel Core i5-7500","vdb-volume","orbit-y","7","2048","3.9428","vdb-volume_ao_orbit-y_7_2048_NA_1_NA.png","3.4315","vdb-volume_ao_orbit-y_7_2048_NA_5_NA.png","0.3572","vdb-volume_pathtracer_orbit-y_7_2048_NA_NA_10.png","0.4033","vdb-volume_pathtracer_orbit-y_7_2048_NA_NA_5.png","3.9485","vdb-volume_scivis_orbit-y_7_2048_false_1_NA.png","3.9693","vdb-volume_scivis_orbit-y_7_2048_false_5_NA.png","2.9664","vdb-volume_scivis_orbit-y_7_2048_true_1_NA.png","2.9183","vdb-volume_scivis_orbit-y_7_2048_true_5_NA.png"
"Intel Core i7-8565U","vdb-volume","orbit-y","7","2048","3.9084","vdb-volume_ao_orbit-y_7_2048_NA_1_NA.png","3.5583","vdb-volume_ao_orbit-y_7_2048_NA_5_NA.png","0.3615","vdb-volume_pathtracer_orbit-y_7_2048_NA_NA_10.png","0.4092","vdb-volume_pathtracer_orbit-y_7_2048_NA_NA_5.png","3.1834","vdb-volume_scivis_orbit-y_7_2048_false_1_NA.png","3.7148","vdb-volume_scivis_orbit-y_7_2048_false_5_NA.png","2.9647","vdb-volume_scivis_orbit-y_7_2048_true_1_NA.png","2.7962","vdb-volume_scivis_orbit-y_7_2048_true_5_NA.png"
"Intel Xeon E5-2630 v4","vdb-volume","orbit-y","7","2048","11.4865","vdb-volume_ao_orbit-y_7_2048_NA_1_NA.png","10.4328","vdb-volume_ao_orbit-y_7_2048_NA_5_NA.png","1.0661","vdb-volume_pathtracer_orbit-y_7_2048_NA_NA_10.png","1.2047","vdb-volume_pathtracer_orbit-y_7_2048_NA_NA_5.png","11.7119","vdb-volume_scivis_orbit-y_7_2048_false_1_NA.png","11.6915","vdb-volume_scivis_orbit-y_7_2048_false_5_NA.png","8.9326","vdb-volume_scivis_orbit-y_7_2048_true_1_NA.png","8.9556","vdb-volume_scivis_orbit-y_7_2048_true_5_NA.png"
"AMD Ryzen 7 1800X","vdb-volume","orbit-y","7","512","86.2180","vdb-volume_ao_orbit-y_7_512_NA_1_NA.png","77.7025","vdb-volume_ao_orbit-y_7_512_NA_5_NA.png","8.7933","vdb-volume_pathtracer_orbit-y_7_512_NA_NA_10.png","9.9220","vdb-volume_pathtracer_orbit-y_7_512_NA_NA_5.png","87.9361","vdb-volume_scivis_orbit-y_7_512_false_1_NA.png","85.4474","vdb-volume_scivis_orbit-y_7_512_false_5_NA.png","68.5650","vdb-volume_scivis_orbit-y_7_512_true_1_NA.png","68.5979","vdb-volume_scivis_orbit-y_7_512_true_5_NA.png"
"AMD Ryzen 9 3900X","vdb-volume","orbit-y","7","512","188.3977","vdb-volume_ao_orbit-y_7_512_NA_1_NA.png","174.7647","vdb-volume_ao_orbit-y_7_512_NA_5_NA.png","18.1736","vdb-volume_pathtracer_orbit-y_7_512_NA_NA_10.png","20.6656","vdb-volume_pathtracer_orbit-y_7_512_NA_NA_5.png","191.0132","vdb-volume_scivis_orbit-y_7_512_false_1_NA.png","190.8331","vdb-volume_scivis_orbit-y_7_512_false_5_NA.png","146.1315","vdb-volume_scivis_orbit-y_7_512_true_1_NA.png","145.6058","vdb-volume_scivis_orbit-y_7_512_true_5_NA.png"
"Intel Core i5-7500","vdb-volume","orbit-y","7","512","56.5336","vdb-volume_ao_orbit-y_7_512_NA_1_NA.png","55.3217","vdb-volume_ao_orbit-y_7_512_NA_5_NA.png","5.7521","vdb-volume_pathtracer_orbit-y_7_512_NA_NA_10.png","6.4014","vdb-volume_pathtracer_orbit-y_7_512_NA_NA_5.png","60.6704","vdb-volume_scivis_orbit-y_7_512_false_1_NA.png","61.4772","vdb-volume_scivis_orbit-y_7_512_false_5_NA.png","46.2852","vdb-volume_scivis_orbit-y_7_512_true_1_NA.png","46.0140","vdb-volume_scivis_orbit-y_7_512_true_5_NA.png"
"Intel Core i7-8565U","vdb-volume","orbit-y","7","512","48.4001","vdb-volume_ao_orbit-y_7_512_NA_1_NA.png","53.2184","vdb-volume_ao_orbit-y_7_512_NA_5_NA.png","4.7735","vdb-volume_pathtracer_orbit-y_7_512_NA_NA_10.png","6.7527","vdb-volume_pathtracer_orbit-y_7_512_NA_NA_5.png","55.8219","vdb-volume_scivis_orbit-y_7_512_false_1_NA.png","56.1148","vdb-volume_scivis_orbit-y_7_512_false_5_NA.png","35.9264","vdb-volume_scivis_orbit-y_7_512_true_1_NA.png","45.8022","vdb-volume_scivis_orbit-y_7_512_true_5_NA.png"
"Intel Xeon E5-2630 v4","vdb-volume","orbit-y","7","512","168.1565","vdb-volume_ao_orbit-y_7_512_NA_1_NA.png","153.8734","vdb-volume_ao_orbit-y_7_512_NA_5_NA.png","16.4829","vdb-volume_pathtracer_orbit-y_7_512_NA_NA_10.png","18.5970","vdb-volume_pathtracer_orbit-y_7_512_NA_NA_5.png","170.8248","vdb-volume_scivis_orbit-y_7_512_false_1_NA.png","171.3708","vdb-volume_scivis_orbit-y_7_512_false_5_NA.png","132.2690","vdb-volume_scivis_orbit-y_7_512_true_1_NA.png","127.5989","vdb-volume_scivis_orbit-y_7_512_true_5_NA.png"
"AMD Ryzen 7 1800X","vdb-volume","orbit-y","8","1024","21.7520","vdb-volume_ao_orbit-y_8_1024_NA_1_NA.png","19.4648","vdb-volume_ao_orbit-y_8_1024_NA_5_NA.png","2.2066","vdb-volume_pathtracer_orbit-y_8_1024_NA_NA_10.png","2.4991","vdb-volume_pathtracer_orbit-y_8_1024_NA_NA_5.png","22.1350","vdb-volume_scivis_orbit-y_8_1024_false_1_NA.png","22.1751","vdb-volume_scivis_orbit-y_8_1024_false_5_NA.png","17.5299","vdb-volume_scivis_orbit-y_8_1024_true_1_NA.png","17.4632","vdb-volume_scivis_orbit-y_8_1024_true_5_NA.png"
"AMD Ryzen 9 3900X","vdb-volume","orbit-y","8","1024","48.1024","vdb-volume_ao_orbit-y_8_1024_NA_1_NA.png","44.4931","vdb-volume_ao_orbit-y_8_1024_NA_5_NA.png","4.6089","vdb-volume_pathtracer_orbit-y_8_1024_NA_NA_10.png","5.2309","vdb-volume_pathtracer_orbit-y_8_1024_NA_NA_5.png","48.6890","vdb-volume_scivis_orbit-y_8_1024_false_1_NA.png","48.6625","vdb-volume_scivis_orbit-y_8_1024_false_5_NA.png","37.6162","vdb-volume_scivis_orbit-y_8_1024_true_1_NA.png","37.5865","vdb-volume_scivis_orbit-y_8_1024_true_5_NA.png"
"Intel Core i5-7500","vdb-volume","orbit-y","8","1024","15.0133","vdb-volume_ao_orbit-y_8_1024_NA_1_NA.png","13.7662","vdb-volume_ao_orbit-y_8_1024_NA_5_NA.png","1.4129","vdb-volume_pathtracer_orbit-y_8_1024_NA_NA_10.png","1.6226","vdb-volume_pathtracer_orbit-y_8_1024_NA_NA_5.png","15.1916","vdb-volume_scivis_orbit-y_8_1024_false_1_NA.png","15.0764","vdb-volume_scivis_orbit-y_8_1024_false_5_NA.png","11.7001","vdb-volume_scivis_orbit-y_8_1024_true_1_NA.png","11.8212","vdb-volume_scivis_orbit-y_8_1024_true_5_NA.png"
"Intel Core i7-8565U","vdb-volume","orbit-y","8","1024","14.4783","vdb-volume_ao_orbit-y_8_1024_NA_1_NA.png","13.4743","vdb-volume_ao_orbit-y_8_1024_NA_5_NA.png","1.2874","vdb-volume_pathtracer_orbit-y_8_1024_NA_NA_10.png","1.6304","vdb-volume_pathtracer_orbit-y_8_1024_NA_NA_5.png","14.2305","vdb-volume_scivis_orbit-y_8_1024_false_1_NA.png","14.6769","vdb-volume_scivis_orbit-y_8_1024_false_5_NA.png","11.0198","vdb-volume_scivis_orbit-y_8_1024_true_1_NA.png","11.2969","vdb-volume_scivis_orbit-y_8_1024_true_5_NA.png"
"Intel Xeon E5-2630 v4","vdb-volume","orbit-y","8","1024","43.1319","vdb-volume_ao_orbit-y_8_1024_NA_1_NA.png","39.7693","vdb-volume_ao_orbit-y_8_1024_NA_5_NA.png","4.1667","vdb-volume_pathtracer_orbit-y_8_1024_NA_NA_10.png","4.7099","vdb-volume_pathtracer_orbit-y_8_1024_NA_NA_5.png","44.0952","vdb-volume_scivis_orbit-y_8_1024_false_1_NA.png","44.1335","vdb-volume_scivis_orbit-y_8_1024_false_5_NA.png","33.7098","vdb-volume_scivis_orbit-y_8_1024_true_1_NA.png","34.2924","vdb-volume_scivis_orbit-y_8_1024_true_5_NA.png"
"AMD Ryzen 7 1800X","vdb-volume","orbit-y","8","2048","5.5039","vdb-volume_ao_orbit-y_8_2048_NA_1_NA.png","4.9487","vdb-volume_ao_orbit-y_8_2048_NA_5_NA.png","0.5558","vdb-volume_pathtracer_orbit-y_8_2048_NA_NA_10.png","0.6315","vdb-volume_pathtracer_orbit-y_8_2048_NA_NA_5.png","5.6343","vdb-volume_scivis_orbit-y_8_2048_false_1_NA.png","5.6579","vdb-volume_scivis_orbit-y_8_2048_false_5_NA.png","4.4406","vdb-volume_scivis_orbit-y_8_2048_true_1_NA.png","4.4562","vdb-volume_scivis_orbit-y_8_2048_true_5_NA.png"
"AMD Ryzen 9 3900X","vdb-volume","orbit-y","8","2048","12.2505","vdb-volume_ao_orbit-y_8_2048_NA_1_NA.png","11.3462","vdb-volume_ao_orbit-y_8_2048_NA_5_NA.png","1.1579","vdb-volume_pathtracer_orbit-y_8_2048_NA_NA_10.png","1.3170","vdb-volume_pathtracer_orbit-y_8_2048_NA_NA_5.png","12.4289","vdb-volume_scivis_orbit-y_8_2048_false_1_NA.png","12.4407","vdb-volume_scivis_orbit-y_8_2048_false_5_NA.png","9.6104","vdb-volume_scivis_orbit-y_8_2048_true_1_NA.png","9.5916","vdb-volume_scivis_orbit-y_8_2048_true_5_NA.png"
"Intel Core i5-7500","vdb-volume","orbit-y","8","2048","3.7694","vdb-volume_ao_orbit-y_8_2048_NA_1_NA.png","3.3890","vdb-volume_ao_orbit-y_8_2048_NA_5_NA.png","0.3527","vdb-volume_pathtracer_orbit-y_8_2048_NA_NA_10.png","0.3959","vdb-volume_pathtracer_orbit-y_8_2048_NA_NA_5.png","3.8281","vdb-volume_scivis_orbit-y_8_2048_false_1_NA.png","3.8350","vdb-volume_scivis_orbit-y_8_2048_false_5_NA.png","2.9706","vdb-volume_scivis_orbit-y_8_2048_true_1_NA.png","2.8991","vdb-volume_scivis_orbit-y_8_2048_true_5_NA.png"
"Intel Core i7-8565U","vdb-volume","orbit-y","8","2048","3.5545","vdb-volume_ao_orbit-y_8_2048_NA_1_NA.png","3.2856","vdb-volume_ao_orbit-y_8_2048_NA_5_NA.png","0.3519","vdb-volume_pathtracer_orbit-y_8_2048_NA_NA_10.png","0.3965","vdb-volume_pathtracer_orbit-y_8_2048_NA_NA_5.png","3.8269","vdb-volume_scivis_orbit-y_8_2048_false_1_NA.png","3.8220","vdb-volume_scivis_orbit-y_8_2048_false_5_NA.png","2.3328","vdb-volume_scivis_orbit-y_8_2048_true_1_NA.png","2.9497","vdb-volume_scivis_orbit-y_8_2048_true_5_NA.png"
"Intel Xeon E5-2630 v4","vdb-volume","orbit-y","8","2048","11.0832","vdb-volume_ao_orbit-y_8_2048_NA_1_NA.png","10.1209","vdb-volume_ao_orbit-y_8_2048_NA_5_NA.png","1.0570","vdb-volume_pathtracer_orbit-y_8_2048_NA_NA_10.png","1.1910","vdb-volume_pathtracer_orbit-y_8_2048_NA_NA_5.png","11.2139","vdb-volume_scivis_orbit-y_8_2048_false_1_NA.png","11.2777","vdb-volume_scivis_orbit-y_8_2048_false_5_NA.png","8.7008","vdb-volume_scivis_orbit-y_8_2048_true_1_NA.png","8.7632","vdb-volume_scivis_orbit-y_8_2048_true_5_NA.png"
"AMD Ryzen 7 1800X","vdb-volume","orbit-y","8","512","83.4084","vdb-volume_ao_orbit-y_8_512_NA_1_NA.png","75.1840","vdb-volume_ao_orbit-y_8_512_NA_5_NA.png","8.6560","vdb-volume_pathtracer_orbit-y_8_512_NA_NA_10.png","9.8129","vdb-volume_pathtracer_orbit-y_8_512_NA_NA_5.png","85.1818","vdb-volume_scivis_orbit-y_8_512_false_1_NA.png","85.3862","vdb-volume_scivis_orbit-y_8_512_false_5_NA.png","67.2382","vdb-volume_scivis_orbit-y_8_512_true_1_NA.png","67.2513","vdb-volume_scivis_orbit-y_8_512_true_5_NA.png"
"AMD Ryzen 9 3900X","vdb-volume","orbit-y","8","512","181.3391","vdb-volume_ao_orbit-y_8_512_NA_1_NA.png","168.7889","vdb-volume_ao_orbit-y_8_512_NA_5_NA.png","17.9266","vdb-volume_pathtracer_orbit-y_8_512_NA_NA_10.png","20.3458","vdb-volume_pathtracer_orbit-y_8_512_NA_NA_5.png","183.2586","vdb-volume_scivis_orbit-y_8_512_false_1_NA.png","184.1661","vdb-volume_scivis_orbit-y_8_512_false_5_NA.png","142.9317","vdb-volume_scivis_orbit-y_8_512_true_1_NA.png","142.6745","vdb-volume_scivis_orbit-y_8_512_true_5_NA.png"
"Intel Core i5-7500","vdb-volume","orbit-y","8","512","58.3775","vdb-volume_ao_orbit-y_8_512_NA_1_NA.png","53.3419","vdb-volume_ao_orbit-y_8_512_NA_5_NA.png","5.2253","vdb-volume_pathtracer_orbit-y_8_512_NA_NA_10.png","5.8281","vdb-volume_pathtracer_orbit-y_8_512_NA_NA_5.png","59.7625","vdb-volume_scivis_orbit-y_8_512_false_1_NA.png","58.5700","vdb-volume_scivis_orbit-y_8_512_false_5_NA.png","44.8952","vdb-volume_scivis_orbit-y_8_512_true_1_NA.png","42.5065","vdb-volume_scivis_orbit-y_8_512_true_5_NA.png"
"Intel Core i7-8565U","vdb-volume","orbit-y","8","512","50.0528","vdb-volume_ao_orbit-y_8_512_NA_1_NA.png","50.4849","vdb-volume_ao_orbit-y_8_512_NA_5_NA.png","5.9139","vdb-volume_pathtracer_orbit-y_8_512_NA_NA_10.png","6.6204","vdb-volume_pathtracer_orbit-y_8_512_NA_NA_5.png","56.6190","vdb-volume_scivis_orbit-y_8_512_false_1_NA.png","54.4828","vdb-volume_scivis_orbit-y_8_512_false_5_NA.png","32.6364","vdb-volume_scivis_orbit-y_8_512_true_1_NA.png","44.7551","vdb-volume_scivis_orbit-y_8_512_true_5_NA.png"
"Intel Xeon E5-2630 v4","vdb-volume","orbit-y","8","512","162.1303","vdb-volume_ao_orbit-y_8_512_NA_1_NA.png","148.6286","vdb-volume_ao_orbit-y_8_512_NA_5_NA.png","16.3022","vdb-volume_pathtracer_orbit-y_8_512_NA_NA_10.png","18.3323","vdb-volume_pathtracer_orbit-y_8_512_NA_NA_5.png","165.3338","vdb-volume_scivis_orbit-y_8_512_false_1_NA.png","157.5341","vdb-volume_scivis_orbit-y_8_512_false_5_NA.png","129.6452","vdb-volume_scivis_orbit-y_8_512_true_1_NA.png","129.4978","vdb-volume_scivis_orbit-y_8_512_true_5_NA.png"
"AMD Ryzen 7 1800X","vdb-volume","orbit-y","9","1024","22.8638","vdb-volume_ao_orbit-y_9_1024_NA_1_NA.png","20.4879","vdb-volume_ao_orbit-y_9_1024_NA_5_NA.png","2.2263","vdb-volume_pathtracer_orbit-y_9_1024_NA_NA_10.png","2.5237","vdb-volume_pathtracer_orbit-y_9_1024_NA_NA_5.png","23.4997","vdb-volume_scivis_orbit-y_9_1024_false_1_NA.png","23.4267","vdb-volume_scivis_orbit-y_9_1024_false_5_NA.png","18.3208","vdb-volume_scivis_orbit-y_9_1024_true_1_NA.png","18.3811","vdb-volume_scivis_orbit-y_9_1024_true_5_NA.png"
"AMD Ryzen 9 3900X","vdb-volume","orbit-y","9","1024","51.2361","vdb-volume_ao_orbit-y_9_1024_NA_1_NA.png","47.1821","vdb-volume_ao_orbit-y_9_1024_NA_5_NA.png","4.6339","vdb-volume_pathtracer_orbit-y_9_1024_NA_NA_10.png","5.2622","vdb-volume_pathtracer_orbit-y_9_1024_NA_NA_5.png","52.0494","vdb-volume_scivis_orbit-y_9_1024_false_1_NA.png","52.0359","vdb-volume_scivis_orbit-y_9_1024_false_5_NA.png","39.7817","vdb-volume_scivis_orbit-y_9_1024_true_1_NA.png","39.8715","vdb-volume_scivis_orbit-y_9_1024_true_5_NA.png"
"Intel Core i5-7500","vdb-volume","orbit-y","9","1024","15.5225","vdb-volume_ao_orbit-y_9_1024_NA_1_NA.png","14.4172","vdb-volume_ao_orbit-y_9_1024_NA_5_NA.png","1.4272","vdb-volume_pathtracer_orbit-y_9_1024_NA_NA_10.png","1.6269","vdb-volume_pathtracer_orbit-y_9_1024_NA_NA_5.png","16.1165","vdb-volume_scivis_orbit-y_9_1024_false_1_NA.png","16.2540","vdb-volume_scivis_orbit-y_9_1024_false_5_NA.png","12.2607","vdb-volume_scivis_orbit-y_9_1024_true_1_NA.png","12.2797","vdb-volume_scivis_orbit-y_9_1024_true_5_NA.png"
"Intel Core i7-8565U","vdb-volume","orbit-y","9","1024","15.2030","vdb-volume_ao_orbit-y_9_1024_NA_1_NA.png","13.8471","vdb-volume_ao_orbit-y_9_1024_NA_5_NA.png","1.3920","vdb-volume_pathtracer_orbit-y_9_1024_NA_NA_10.png","1.6776","vdb-volume_pathtracer_orbit-y_9_1024_NA_NA_5.png","14.9869","vdb-volume_scivis_orbit-y_9_1024_false_1_NA.png","15.3309","vdb-volume_scivis_orbit-y_9_1024_false_5_NA.png","11.9522","vdb-volume_scivis_orbit-y_9_1024_true_1_NA.png","11.9815","vdb-volume_scivis_orbit-y_9_1024_true_5_NA.png"
"Intel Xeon E5-2630 v4","vdb-volume","orbit-y","9","1024","45.9059","vdb-volume_ao_orbit-y_9_1024_NA_1_NA.png","41.6145","vdb-volume_ao_orbit-y_9_1024_NA_5_NA.png","4.2123","vdb-volume_pathtracer_orbit-y_9_1024_NA_NA_10.png","4.7529","vdb-volume_pathtracer_orbit-y_9_1024_NA_NA_5.png","46.9942","vdb-volume_scivis_orbit-y_9_1024_false_1_NA.png","46.7655","vdb-volume_scivis_orbit-y_9_1024_false_5_NA.png","36.2587","vdb-volume_scivis_orbit-y_9_1024_true_1_NA.png","36.0004","vdb-volume_scivis_orbit-y_9_1024_true_5_NA.png"
"AMD Ryzen 7 1800X","vdb-volume","orbit-y","9","2048","5.8295","vdb-volume_ao_orbit-y_9_2048_NA_1_NA.png","5.2012","vdb-volume_ao_orbit-y_9_2048_NA_5_NA.png","0.5616","vdb-volume_pathtracer_orbit-y_9_2048_NA_NA_10.png","0.6360","vdb-volume_pathtracer_orbit-y_9_2048_NA_NA_5.png","5.9620","vdb-volume_scivis_orbit-y_9_2048_false_1_NA.png","5.9545","vdb-volume_scivis_orbit-y_9_2048_false_5_NA.png","4.6733","vdb-volume_scivis_orbit-y_9_2048_true_1_NA.png","4.6810","vdb-volume_scivis_orbit-y_9_2048_true_5_NA.png"
"AMD Ryzen 9 3900X","vdb-volume","orbit-y","9","2048","13.0942","vdb-volume_ao_orbit-y_9_2048_NA_1_NA.png","12.0586","vdb-volume_ao_orbit-y_9_2048_NA_5_NA.png","1.1692","vdb-volume_pathtracer_orbit-y_9_2048_NA_NA_10.png","1.3332","vdb-volume_pathtracer_orbit-y_9_2048_NA_NA_5.png","13.2769","vdb-volume_scivis_orbit-y_9_2048_false_1_NA.png","13.2432","vdb-volume_scivis_orbit-y_9_2048_false_5_NA.png","10.1529","vdb-volume_scivis_orbit-y_9_2048_true_1_NA.png","10.1378","vdb-volume_scivis_orbit-y_9_2048_true_5_NA.png"
"Intel Core i5-7500","vdb-volume","orbit-y","9","2048","3.8624","vdb-volume_ao_orbit-y_9_2048_NA_1_NA.png","3.6490","vdb-volume_ao_orbit-y_9_2048_NA_5_NA.png","0.3576","vdb-volume_pathtracer_orbit-y_9_2048_NA_NA_10.png","0.4020","vdb-volume_pathtracer_orbit-y_9_2048_NA_NA_5.png","4.0336","vdb-volume_scivis_orbit-y_9_2048_false_1_NA.png","3.9800","vdb-volume_scivis_orbit-y_9_2048_false_5_NA.png","3.1233","vdb-volume_scivis_orbit-y_9_2048_true_1_NA.png","3.0968","vdb-volume_scivis_orbit-y_9_2048_true_5_NA.png"
"Intel Core i7-8565U","vdb-volume","orbit-y","9","2048","3.9950","vdb-volume_ao_orbit-y_9_2048_NA_1_NA.png","3.3012","vdb-volume_ao_orbit-y_9_2048_NA_5_NA.png","0.3545","vdb-volume_pathtracer_orbit-y_9_2048_NA_NA_10.png","0.3988","vdb-volume_pathtracer_orbit-y_9_2048_NA_NA_5.png","3.8648","vdb-volume_scivis_orbit-y_9_2048_false_1_NA.png","3.8485","vdb-volume_scivis_orbit-y_9_2048_false_5_NA.png","3.1220","vdb-volume_scivis_orbit-y_9_2048_true_1_NA.png","3.1151","vdb-volume_scivis_orbit-y_9_2048_true_5_NA.png"
"Intel Xeon E5-2630 v4","vdb-volume","orbit-y","9","2048","11.6652","vdb-volume_ao_orbit-y_9_2048_NA_1_NA.png","10.6751","vdb-volume_ao_orbit-y_9_2048_NA_5_NA.png","1.0576","vdb-volume_pathtracer_orbit-y_9_2048_NA_NA_10.png","1.2008","vdb-volume_pathtracer_orbit-y_9_2048_NA_NA_5.png","11.9501","vdb-volume_scivis_orbit-y_9_2048_false_1_NA.png","11.8940","vdb-volume_scivis_orbit-y_9_2048_false_5_NA.png","8.4577","vdb-volume_scivis_orbit-y_9_2048_true_1_NA.png","9.2388","vdb-volume_scivis_orbit-y_9_2048_true_5_NA.png"
"AMD Ryzen 7 1800X","vdb-volume","orbit-y","9","512","87.9206","vdb-volume_ao_orbit-y_9_512_NA_1_NA.png","79.0077","vdb-volume_ao_orbit-y_9_512_NA_5_NA.png","8.7849","vdb-volume_pathtracer_orbit-y_9_512_NA_NA_10.png","9.8798","vdb-volume_pathtracer_orbit-y_9_512_NA_NA_5.png","90.3383","vdb-volume_scivis_orbit-y_9_512_false_1_NA.png","90.0584","vdb-volume_scivis_orbit-y_9_512_false_5_NA.png","70.7499","vdb-volume_scivis_orbit-y_9_512_true_1_NA.png","70.1971","vdb-volume_scivis_orbit-y_9_512_true_5_NA.png"
"AMD Ryzen 9 3900X","vdb-volume","orbit-y","9","512","192.5639","vdb-volume_ao_orbit-y_9_512_NA_1_NA.png","178.4752","vdb-volume_ao_orbit-y_9_512_NA_5_NA.png","18.1466","vdb-volume_pathtracer_orbit-y_9_512_NA_NA_10.png","20.5908","vdb-volume_pathtracer_orbit-y_9_512_NA_NA_5.png","196.0627","vdb-volume_scivis_orbit-y_9_512_false_1_NA.png","195.1398","vdb-volume_scivis_orbit-y_9_512_false_5_NA.png","151.2667","vdb-volume_scivis_orbit-y_9_512_true_1_NA.png","151.0974","vdb-volume_scivis_orbit-y_9_512_true_5_NA.png"
"Intel Core i5-7500","vdb-volume","orbit-y","9","512","61.8525","vdb-volume_ao_orbit-y_9_512_NA_1_NA.png","55.1058","vdb-volume_ao_orbit-y_9_512_NA_5_NA.png","5.5872","vdb-volume_pathtracer_orbit-y_9_512_NA_NA_10.png","6.3232","vdb-volume_pathtracer_orbit-y_9_512_NA_NA_5.png","62.9537","vdb-volume_scivis_orbit-y_9_512_false_1_NA.png","60.5030","vdb-volume_scivis_orbit-y_9_512_false_5_NA.png","47.8888","vdb-volume_scivis_orbit-y_9_512_true_1_NA.png","48.5084","vdb-volume_scivis_orbit-y_9_512_true_5_NA.png"
"Intel Core i7-8565U","vdb-volume","orbit-y","9","512","57.6515","vdb-volume_ao_orbit-y_9_512_NA_1_NA.png","53.5194","vdb-volume_ao_orbit-y_9_512_NA_5_NA.png","5.9683","vdb-volume_pathtracer_orbit-y_9_512_NA_NA_10.png","6.6914","vdb-volume_pathtracer_orbit-y_9_512_NA_NA_5.png","57.9851","vdb-volume_scivis_orbit-y_9_512_false_1_NA.png","62.0705","vdb-volume_scivis_orbit-y_9_512_false_5_NA.png","41.5313","vdb-volume_scivis_orbit-y_9_512_true_1_NA.png","47.4732","vdb-volume_scivis_orbit-y_9_512_true_5_NA.png"
"Intel Xeon E5-2630 v4","vdb-volume","orbit-y","9","512","172.3339","vdb-volume_ao_orbit-y_9_512_NA_1_NA.png","157.8290","vdb-volume_ao_orbit-y_9_512_NA_5_NA.png","16.3252","vdb-volume_pathtracer_orbit-y_9_512_NA_NA_10.png","18.4342","vdb-volume_pathtracer_orbit-y_9_512_NA_NA_5.png","175.2047","vdb-volume_scivis_orbit-y_9_512_false_1_NA.png","175.9259","vdb-volume_scivis_orbit-y_9_512_false_5_NA.png","137.0665","vdb-volume_scivis_orbit-y_9_512_true_1_NA.png","136.3223","vdb-volume_scivis_orbit-y_9_512_true_5_NA.png"
"AMD Ryzen 7 1800X","vdb-volume","orbit-y","10","1024","22.6909","vdb-volume_ao_orbit-y_10_1024_NA_1_NA.png","20.3134","vdb-volume_ao_orbit-y_10_1024_NA_5_NA.png","2.1924","vdb-volume_pathtracer_orbit-y_10_1024_NA_NA_10.png","2.4925","vdb-volume_pathtracer_orbit-y_10_1024_NA_NA_5.png","23.1257","vdb-volume_scivis_orbit-y_10_1024_false_1_NA.png","23.1957","vdb-volume_scivis_orbit-y_10_1024_false_5_NA.png","18.0792","vdb-volume_scivis_orbit-y_10_1024_true_1_NA.png","18.2040","vdb-volume_scivis_orbit-y_10_1024_true_5_NA.png"
"AMD Ryzen 9 3900X","vdb-volume","orbit-y","10","1024","50.5459","vdb-volume_ao_orbit-y_10_1024_NA_1_NA.png","46.6620","vdb-volume_ao_orbit-y_10_1024_NA_5_NA.png","4.5706","vdb-volume_pathtracer_orbit-y_10_1024_NA_NA_10.png","5.1997","vdb-volume_pathtracer_orbit-y_10_1024_NA_NA_5.png","51.1250","vdb-volume_scivis_orbit-y_10_1024_false_1_NA.png","51.0895","vdb-volume_scivis_orbit-y_10_1024_false_5_NA.png","39.3789","vdb-volume_scivis_orbit-y_10_1024_true_1_NA.png","39.3733","vdb-volume_scivis_orbit-y_10_1024_true_5_NA.png"
"Intel Core i5-7500","vdb-volume","orbit-y","10","1024","15.4384","vdb-volume_ao_orbit-y_10_1024_NA_1_NA.png","13.3713","vdb-volume_ao_orbit-y_10_1024_NA_5_NA.png","1.4226","vdb-volume_pathtracer_orbit-y_10_1024_NA_NA_10.png","1.4807","vdb-volume_pathtracer_orbit-y_10_1024_NA_NA_5.png","16.0243","vdb-volume_scivis_orbit-y_10_1024_false_1_NA.png","15.6806","vdb-volume_scivis_orbit-y_10_1024_false_5_NA.png","11.9585","vdb-volume_scivis_orbit-y_10_1024_true_1_NA.png","12.0285","vdb-volume_scivis_orbit-y_10_1024_true_5_NA.png"
"Intel Core i7-8565U","vdb-volume","orbit-y","10","1024","12.9645","vdb-volume_ao_orbit-y_10_1024_NA_1_NA.png","11.4412","vdb-volume_ao_orbit-y_10_1024_NA_5_NA.png","1.4346","vdb-volume_pathtracer_orbit-y_10_1024_NA_NA_10.png","1.6734","vdb-volume_pathtracer_orbit-y_10_1024_NA_NA_5.png","14.6332","vdb-volume_scivis_orbit-y_10_1024_false_1_NA.png","14.5690","vdb-volume_scivis_orbit-y_10_1024_false_5_NA.png","12.0435","vdb-volume_scivis_orbit-y_10_1024_true_1_NA.png","9.6648","vdb-volume_scivis_orbit-y_10_1024_true_5_NA.png"
"Intel Xeon E5-2630 v4","vdb-volume","orbit-y","10","1024","45.2403","vdb-volume_ao_orbit-y_10_1024_NA_1_NA.png","41.6668","vdb-volume_ao_orbit-y_10_1024_NA_5_NA.png","4.1509","vdb-volume_pathtracer_orbit-y_10_1024_NA_NA_10.png","4.6881","vdb-volume_pathtracer_orbit-y_10_1024_NA_NA_5.png","46.1525","vdb-volume_scivis_orbit-y_10_1024_false_1_NA.png","46.3717","vdb-volume_scivis_orbit-y_10_1024_false_5_NA.png","35.9781","vdb-volume_scivis_orbit-y_10_1024_true_1_NA.png","35.6982","vdb-volume_scivis_orbit-y_10_1024_true_5_NA.png"
"AMD Ryzen 7 1800X","vdb-volume","orbit-y","10","2048","5.7603","vdb-volume_ao_orbit-y_10_2048_NA_1_NA.png","5.1520","vdb-volume_ao_orbit-y_10_2048_NA_5_NA.png","0.5526","vdb-volume_pathtracer_orbit-y_10_2048_NA_NA_10.png","0.6282","vdb-volume_pathtracer_orbit-y_10_2048_NA_NA_5.png","5.8831","vdb-volume_scivis_orbit-y_10_2048_false_1_NA.png","5.8889","vdb-volume_scivis_orbit-y_10_2048_false_5_NA.png","4.6200","vdb-volume_scivis_orbit-y_10_2048_true_1_NA.png","4.6370","vdb-volume_scivis_orbit-y_10_2048_true_5_NA.png"
"AMD Ryzen 9 3900X","vdb-volume","orbit-y","10","2048","12.8657","vdb-volume_ao_orbit-y_10_2048_NA_1_NA.png","11.9091","vdb-volume_ao_orbit-y_10_2048_NA_5_NA.png","1.1524","vdb-volume_pathtracer_orbit-y_10_2048_NA_NA_10.png","1.3113","vdb-volume_pathtracer_orbit-y_10_2048_NA_NA_5.png","13.0829","vdb-volume_scivis_orbit-y_10_2048_false_1_NA.png","13.0819","vdb-volume_scivis_orbit-y_10_2048_false_5_NA.png","10.0573","vdb-volume_scivis_orbit-y_10_2048_true_1_NA.png","9.9993","vdb-volume_scivis_orbit-y_10_2048_true_5_NA.png"
"Intel Core i5-7500","vdb-volume","orbit-y","10","2048","3.8761","vdb-volume_ao_orbit-y_10_2048_NA_1_NA.png","3.5232","vdb-volume_ao_orbit-y_10_2048_NA_5_NA.png","0.3557","vdb-volume_pathtracer_orbit-y_10_2048_NA_NA_10.png","0.3957","vdb-volume_pathtracer_orbit-y_10_2048_NA_NA_5.png","4.0232","vdb-volume_scivis_orbit-y_10_2048_false_1_NA.png","4.0430","vdb-volume_scivis_orbit-y_10_2048_false_5_NA.png","3.1239","vdb-volume_scivis_orbit-y_10_2048_true_1_NA.png","3.0068","vdb-volume_scivis_orbit-y_10_2048_true_5_NA.png"
"Intel Core i7-8565U","vdb-volume","orbit-y","10","2048","3.7476","vdb-volume_ao_orbit-y_10_2048_NA_1_NA.png","3.5634","vdb-volume_ao_orbit-y_10_2048_NA_5_NA.png","0.3492","vdb-volume_pathtracer_orbit-y_10_2048_NA_NA_10.png","0.3965","vdb-volume_pathtracer_orbit-y_10_2048_NA_NA_5.png","3.6498","vdb-volume_scivis_orbit-y_10_2048_false_1_NA.png","3.9582","vdb-volume_scivis_orbit-y_10_2048_false_5_NA.png","2.8761","vdb-volume_scivis_orbit-y_10_2048_true_1_NA.png","3.0058","vdb-volume_scivis_orbit-y_10_2048_true_5_NA.png"
"Intel Xeon E5-2630 v4","vdb-volume","orbit-y","10","2048","11.5056","vdb-volume_ao_orbit-y_10_2048_NA_1_NA.png","10.5045","vdb-volume_ao_orbit-y_10_2048_NA_5_NA.png","1.0462","vdb-volume_pathtracer_orbit-y_10_2048_NA_NA_10.png","1.1814","vdb-volume_pathtracer_orbit-y_10_2048_NA_NA_5.png","11.8392","vdb-volume_scivis_orbit-y_10_2048_false_1_NA.png","11.7945","vdb-volume_scivis_orbit-y_10_2048_false_5_NA.png","9.1455","vdb-volume_scivis_orbit-y_10_2048_true_1_NA.png","9.0909","vdb-volume_scivis_orbit-y_10_2048_true_5_NA.png"
"AMD Ryzen 7 1800X","vdb-volume","orbit-y","10","512","86.8802","vdb-volume_ao_orbit-y_10_512_NA_1_NA.png","78.5127","vdb-volume_ao_orbit-y_10_512_NA_5_NA.png","8.6290","vdb-volume_pathtracer_orbit-y_10_512_NA_NA_10.png","9.7450","vdb-volume_pathtracer_orbit-y_10_512_NA_NA_5.png","89.2347","vdb-volume_scivis_orbit-y_10_512_false_1_NA.png","88.8865","vdb-volume_scivis_orbit-y_10_512_false_5_NA.png","70.0442","vdb-volume_scivis_orbit-y_10_512_true_1_NA.png","70.0511","vdb-volume_scivis_orbit-y_10_512_true_5_NA.png"
"AMD Ryzen 9 3900X","vdb-volume","orbit-y","10","512","181.5409","vdb-volume_ao_orbit-y_10_512_NA_1_NA.png","176.8000","vdb-volume_ao_orbit-y_10_512_NA_5_NA.png","17.9188","vdb-volume_pathtracer_orbit-y_10_512_NA_NA_10.png","20.2723","vdb-volume_pathtracer_orbit-y_10_512_NA_NA_5.png","193.4356","vdb-volume_scivis_orbit-y_10_512_false_1_NA.png","187.4632","vdb-volume_scivis_orbit-y_10_512_false_5_NA.png","149.6670","vdb-volume_scivis_orbit-y_10_512_true_1_NA.png","149.3694","vdb-volume_scivis_orbit-y_10_512_true_5_NA.png"
"Intel Core i5-7500","vdb-volume","orbit-y","10","512","51.4393","vdb-volume_ao_orbit-y_10_512_NA_1_NA.png","56.1795","vdb-volume_ao_orbit-y_10_512_NA_5_NA.png","5.6074","vdb-volume_pathtracer_orbit-y_10_512_NA_NA_10.png","6.2592","vdb-volume_pathtracer_orbit-y_10_512_NA_NA_5.png","62.0459","vdb-volume_scivis_orbit-y_10_512_false_1_NA.png","59.1436","vdb-volume_scivis_orbit-y_10_512_false_5_NA.png","47.3133","vdb-volume_scivis_orbit-y_10_512_true_1_NA.png","47.9966","vdb-volume_scivis_orbit-y_10_512_true_5_NA.png"
"Intel Core i7-8565U","vdb-volume","orbit-y","10","512","58.6920","vdb-volume_ao_orbit-y_10_512_NA_1_NA.png","53.4545","vdb-volume_ao_orbit-y_10_512_NA_5_NA.png","5.6821","vdb-volume_pathtracer_orbit-y_10_512_NA_NA_10.png","5.7588","vdb-volume_pathtracer_orbit-y_10_512_NA_NA_5.png","47.0901","vdb-volume_scivis_orbit-y_10_512_false_1_NA.png","54.2361","vdb-volume_scivis_orbit-y_10_512_false_5_NA.png","46.7631","vdb-volume_scivis_orbit-y_10_512_true_1_NA.png","47.0493","vdb-volume_scivis_orbit-y_10_512_true_5_NA.png"
"Intel Xeon E5-2630 v4","vdb-volume","orbit-y","10","512","169.8748","vdb-volume_ao_orbit-y_10_512_NA_1_NA.png","155.5645","vdb-volume_ao_orbit-y_10_512_NA_5_NA.png","16.0334","vdb-volume_pathtracer_orbit-y_10_512_NA_NA_10.png","18.2470","vdb-volume_pathtracer_orbit-y_10_512_NA_NA_5.png","172.1647","vdb-volume_scivis_orbit-y_10_512_false_1_NA.png","172.7647","vdb-volume_scivis_orbit-y_10_512_false_5_NA.png","134.7613","vdb-volume_scivis_orbit-y_10_512_true_1_NA.png","134.5339","vdb-volume_scivis_orbit-y_10_512_true_5_NA.png"
